<annotation>
	<folder></folder>
	<filename>hijab-2182_jpg.rf.126bc9ef912738f337e625d0d07e237e.jpg</filename>
	<path>hijab-2182_jpg.rf.126bc9ef912738f337e625d0d07e237e.jpg</path>
	<source>
		<database>roboflow.ai</database>
	</source>
	<size>
		<width>640</width>
		<height>640</height>
		<depth>3</depth>
	</size>
	<segmented>0</segmented>
	<object>
		<name>head</name>
		<pose>Unspecified</pose>
		<truncated>0</truncated>
		<difficult>0</difficult>
		<occluded>0</occluded>
		<bndbox>
			<xmin>187</xmin>
			<xmax>459</xmax>
			<ymin>29</ymin>
			<ymax>279</ymax>
		</bndbox>
	</object>
</annotation>
