<annotation>
	<folder></folder>
	<filename>hijab-0962_jpg.rf.982982868ad27c0c2cf52b4709ba70b1.jpg</filename>
	<path>hijab-0962_jpg.rf.982982868ad27c0c2cf52b4709ba70b1.jpg</path>
	<source>
		<database>roboflow.ai</database>
	</source>
	<size>
		<width>640</width>
		<height>640</height>
		<depth>3</depth>
	</size>
	<segmented>0</segmented>
	<object>
		<name>head</name>
		<pose>Unspecified</pose>
		<truncated>0</truncated>
		<difficult>0</difficult>
		<occluded>0</occluded>
		<bndbox>
			<xmin>134</xmin>
			<xmax>476</xmax>
			<ymin>24</ymin>
			<ymax>279</ymax>
		</bndbox>
	</object>
</annotation>
