<annotation>
	<folder></folder>
	<filename>hijab-1380_jpg.rf.00b35ae3d5ed3223992fe42a5899e7a9.jpg</filename>
	<path>hijab-1380_jpg.rf.00b35ae3d5ed3223992fe42a5899e7a9.jpg</path>
	<source>
		<database>roboflow.ai</database>
	</source>
	<size>
		<width>640</width>
		<height>640</height>
		<depth>3</depth>
	</size>
	<segmented>0</segmented>
	<object>
		<name>head</name>
		<pose>Unspecified</pose>
		<truncated>0</truncated>
		<difficult>0</difficult>
		<occluded>0</occluded>
		<bndbox>
			<xmin>193</xmin>
			<xmax>641</xmax>
			<ymin>6</ymin>
			<ymax>319</ymax>
		</bndbox>
	</object>
</annotation>
