<annotation>
	<folder></folder>
	<filename>hijab-0119_jpg.rf.6448591bb091bc6753f664aa2f9229c4.jpg</filename>
	<path>hijab-0119_jpg.rf.6448591bb091bc6753f664aa2f9229c4.jpg</path>
	<source>
		<database>roboflow.ai</database>
	</source>
	<size>
		<width>640</width>
		<height>640</height>
		<depth>3</depth>
	</size>
	<segmented>0</segmented>
	<object>
		<name>head</name>
		<pose>Unspecified</pose>
		<truncated>0</truncated>
		<difficult>0</difficult>
		<occluded>0</occluded>
		<bndbox>
			<xmin>146</xmin>
			<xmax>505</xmax>
			<ymin>24</ymin>
			<ymax>294</ymax>
		</bndbox>
	</object>
</annotation>
