<annotation>
	<folder></folder>
	<filename>hijab-0491_jpg.rf.3598ab964c2bce5527612b2e07fc564e.jpg</filename>
	<path>hijab-0491_jpg.rf.3598ab964c2bce5527612b2e07fc564e.jpg</path>
	<source>
		<database>roboflow.ai</database>
	</source>
	<size>
		<width>640</width>
		<height>640</height>
		<depth>3</depth>
	</size>
	<segmented>0</segmented>
	<object>
		<name>head</name>
		<pose>Unspecified</pose>
		<truncated>0</truncated>
		<difficult>0</difficult>
		<occluded>0</occluded>
		<bndbox>
			<xmin>138</xmin>
			<xmax>501</xmax>
			<ymin>24</ymin>
			<ymax>294</ymax>
		</bndbox>
	</object>
</annotation>
