<annotation>
	<folder></folder>
	<filename>hijab-1310_jpg.rf.608577ebb45395c986c73d9b58dc48c7.jpg</filename>
	<path>hijab-1310_jpg.rf.608577ebb45395c986c73d9b58dc48c7.jpg</path>
	<source>
		<database>roboflow.ai</database>
	</source>
	<size>
		<width>640</width>
		<height>640</height>
		<depth>3</depth>
	</size>
	<segmented>0</segmented>
	<object>
		<name>head</name>
		<pose>Unspecified</pose>
		<truncated>0</truncated>
		<difficult>0</difficult>
		<occluded>0</occluded>
		<bndbox>
			<xmin>191</xmin>
			<xmax>513</xmax>
			<ymin>17</ymin>
			<ymax>295</ymax>
		</bndbox>
	</object>
</annotation>
