<annotation>
	<folder></folder>
	<filename>hijab-3073_jpg.rf.c105d6085f26d967f461073a5c1ee072.jpg</filename>
	<path>hijab-3073_jpg.rf.c105d6085f26d967f461073a5c1ee072.jpg</path>
	<source>
		<database>roboflow.ai</database>
	</source>
	<size>
		<width>640</width>
		<height>640</height>
		<depth>3</depth>
	</size>
	<segmented>0</segmented>
	<object>
		<name>head</name>
		<pose>Unspecified</pose>
		<truncated>0</truncated>
		<difficult>0</difficult>
		<occluded>0</occluded>
		<bndbox>
			<xmin>129</xmin>
			<xmax>509</xmax>
			<ymin>18</ymin>
			<ymax>299</ymax>
		</bndbox>
	</object>
</annotation>
