<annotation>
	<folder></folder>
	<filename>hijab-1077_jpg.rf.4c4286c988a649a432ed9fa2c7a9c15b.jpg</filename>
	<path>hijab-1077_jpg.rf.4c4286c988a649a432ed9fa2c7a9c15b.jpg</path>
	<source>
		<database>roboflow.ai</database>
	</source>
	<size>
		<width>640</width>
		<height>640</height>
		<depth>3</depth>
	</size>
	<segmented>0</segmented>
	<object>
		<name>head</name>
		<pose>Unspecified</pose>
		<truncated>0</truncated>
		<difficult>0</difficult>
		<occluded>0</occluded>
		<bndbox>
			<xmin>168</xmin>
			<xmax>503</xmax>
			<ymin>14</ymin>
			<ymax>287</ymax>
		</bndbox>
	</object>
</annotation>
