<annotation>
	<folder></folder>
	<filename>hijab-0916_jpg.rf.227fcbe5ab3d92ddaca0f3fe797e2ada.jpg</filename>
	<path>hijab-0916_jpg.rf.227fcbe5ab3d92ddaca0f3fe797e2ada.jpg</path>
	<source>
		<database>roboflow.ai</database>
	</source>
	<size>
		<width>640</width>
		<height>640</height>
		<depth>3</depth>
	</size>
	<segmented>0</segmented>
	<object>
		<name>head</name>
		<pose>Unspecified</pose>
		<truncated>0</truncated>
		<difficult>0</difficult>
		<occluded>0</occluded>
		<bndbox>
			<xmin>129</xmin>
			<xmax>446</xmax>
			<ymin>22</ymin>
			<ymax>287</ymax>
		</bndbox>
	</object>
</annotation>
