<annotation>
	<folder></folder>
	<filename>hijab-1931_jpg.rf.6b5ce23334ac5808161693f3f6bf4337.jpg</filename>
	<path>hijab-1931_jpg.rf.6b5ce23334ac5808161693f3f6bf4337.jpg</path>
	<source>
		<database>roboflow.ai</database>
	</source>
	<size>
		<width>640</width>
		<height>640</height>
		<depth>3</depth>
	</size>
	<segmented>0</segmented>
	<object>
		<name>head</name>
		<pose>Unspecified</pose>
		<truncated>0</truncated>
		<difficult>0</difficult>
		<occluded>0</occluded>
		<bndbox>
			<xmin>131</xmin>
			<xmax>556</xmax>
			<ymin>12</ymin>
			<ymax>307</ymax>
		</bndbox>
	</object>
</annotation>
