<annotation>
	<folder></folder>
	<filename>hijab-0647_jpg.rf.6a9730f41c2a0dc78b98180a82964b1c.jpg</filename>
	<path>hijab-0647_jpg.rf.6a9730f41c2a0dc78b98180a82964b1c.jpg</path>
	<source>
		<database>roboflow.ai</database>
	</source>
	<size>
		<width>640</width>
		<height>640</height>
		<depth>3</depth>
	</size>
	<segmented>0</segmented>
	<object>
		<name>head</name>
		<pose>Unspecified</pose>
		<truncated>0</truncated>
		<difficult>0</difficult>
		<occluded>0</occluded>
		<bndbox>
			<xmin>159</xmin>
			<xmax>480</xmax>
			<ymin>15</ymin>
			<ymax>275</ymax>
		</bndbox>
	</object>
</annotation>
