<annotation>
	<folder></folder>
	<filename>hijab-0144_jpg.rf.39d7ed69cbaa858d29de5689e4437bc0.jpg</filename>
	<path>hijab-0144_jpg.rf.39d7ed69cbaa858d29de5689e4437bc0.jpg</path>
	<source>
		<database>roboflow.ai</database>
	</source>
	<size>
		<width>640</width>
		<height>640</height>
		<depth>3</depth>
	</size>
	<segmented>0</segmented>
	<object>
		<name>head</name>
		<pose>Unspecified</pose>
		<truncated>0</truncated>
		<difficult>0</difficult>
		<occluded>0</occluded>
		<bndbox>
			<xmin>101</xmin>
			<xmax>478</xmax>
			<ymin>5</ymin>
			<ymax>282</ymax>
		</bndbox>
	</object>
</annotation>
