<annotation>
	<folder></folder>
	<filename>hijab-0886_jpg.rf.7794aae3e7b8a0f3ad9ead9591dc9a76.jpg</filename>
	<path>hijab-0886_jpg.rf.7794aae3e7b8a0f3ad9ead9591dc9a76.jpg</path>
	<source>
		<database>roboflow.ai</database>
	</source>
	<size>
		<width>640</width>
		<height>640</height>
		<depth>3</depth>
	</size>
	<segmented>0</segmented>
	<object>
		<name>head</name>
		<pose>Unspecified</pose>
		<truncated>0</truncated>
		<difficult>0</difficult>
		<occluded>0</occluded>
		<bndbox>
			<xmin>146</xmin>
			<xmax>499</xmax>
			<ymin>33</ymin>
			<ymax>276</ymax>
		</bndbox>
	</object>
</annotation>
