<annotation>
	<folder></folder>
	<filename>hijab-1703_jpg.rf.b69369d5609bc9e04a45d98124947369.jpg</filename>
	<path>hijab-1703_jpg.rf.b69369d5609bc9e04a45d98124947369.jpg</path>
	<source>
		<database>roboflow.ai</database>
	</source>
	<size>
		<width>640</width>
		<height>640</height>
		<depth>3</depth>
	</size>
	<segmented>0</segmented>
	<object>
		<name>head</name>
		<pose>Unspecified</pose>
		<truncated>0</truncated>
		<difficult>0</difficult>
		<occluded>0</occluded>
		<bndbox>
			<xmin>195</xmin>
			<xmax>610</xmax>
			<ymin>5</ymin>
			<ymax>279</ymax>
		</bndbox>
	</object>
</annotation>
