<annotation>
	<folder></folder>
	<filename>hijab-1869_jpg.rf.7b6dda4f965f54ebdbba35bd3960747a.jpg</filename>
	<path>hijab-1869_jpg.rf.7b6dda4f965f54ebdbba35bd3960747a.jpg</path>
	<source>
		<database>roboflow.ai</database>
	</source>
	<size>
		<width>640</width>
		<height>640</height>
		<depth>3</depth>
	</size>
	<segmented>0</segmented>
	<object>
		<name>head</name>
		<pose>Unspecified</pose>
		<truncated>0</truncated>
		<difficult>0</difficult>
		<occluded>0</occluded>
		<bndbox>
			<xmin>158</xmin>
			<xmax>634</xmax>
			<ymin>3</ymin>
			<ymax>302</ymax>
		</bndbox>
	</object>
</annotation>
