<annotation>
	<folder></folder>
	<filename>hijab-1724_jpg.rf.147283da23b652bfd04dc7d2fd42331f.jpg</filename>
	<path>hijab-1724_jpg.rf.147283da23b652bfd04dc7d2fd42331f.jpg</path>
	<source>
		<database>roboflow.ai</database>
	</source>
	<size>
		<width>640</width>
		<height>640</height>
		<depth>3</depth>
	</size>
	<segmented>0</segmented>
	<object>
		<name>head</name>
		<pose>Unspecified</pose>
		<truncated>0</truncated>
		<difficult>0</difficult>
		<occluded>0</occluded>
		<bndbox>
			<xmin>177</xmin>
			<xmax>597</xmax>
			<ymin>20</ymin>
			<ymax>291</ymax>
		</bndbox>
	</object>
</annotation>
