<annotation>
	<folder></folder>
	<filename>hijab-1823_jpg.rf.99b91fa3c632a6ea65718804573d87ce.jpg</filename>
	<path>hijab-1823_jpg.rf.99b91fa3c632a6ea65718804573d87ce.jpg</path>
	<source>
		<database>roboflow.ai</database>
	</source>
	<size>
		<width>640</width>
		<height>640</height>
		<depth>3</depth>
	</size>
	<segmented>0</segmented>
	<object>
		<name>head</name>
		<pose>Unspecified</pose>
		<truncated>0</truncated>
		<difficult>0</difficult>
		<occluded>0</occluded>
		<bndbox>
			<xmin>199</xmin>
			<xmax>538</xmax>
			<ymin>25</ymin>
			<ymax>258</ymax>
		</bndbox>
	</object>
</annotation>
