<annotation>
	<folder></folder>
	<filename>hijab-3065_jpg.rf.cf222ade8d18f2ea886c9efffd56dd74.jpg</filename>
	<path>hijab-3065_jpg.rf.cf222ade8d18f2ea886c9efffd56dd74.jpg</path>
	<source>
		<database>roboflow.ai</database>
	</source>
	<size>
		<width>640</width>
		<height>640</height>
		<depth>3</depth>
	</size>
	<segmented>0</segmented>
	<object>
		<name>head</name>
		<pose>Unspecified</pose>
		<truncated>0</truncated>
		<difficult>0</difficult>
		<occluded>0</occluded>
		<bndbox>
			<xmin>184</xmin>
			<xmax>540</xmax>
			<ymin>45</ymin>
			<ymax>312</ymax>
		</bndbox>
	</object>
</annotation>
