<annotation>
	<folder></folder>
	<filename>hijab-2279_jpg.rf.169c7e0439b6c4091bbb4be0768a6954.jpg</filename>
	<path>hijab-2279_jpg.rf.169c7e0439b6c4091bbb4be0768a6954.jpg</path>
	<source>
		<database>roboflow.ai</database>
	</source>
	<size>
		<width>640</width>
		<height>640</height>
		<depth>3</depth>
	</size>
	<segmented>0</segmented>
	<object>
		<name>head</name>
		<pose>Unspecified</pose>
		<truncated>0</truncated>
		<difficult>0</difficult>
		<occluded>0</occluded>
		<bndbox>
			<xmin>140</xmin>
			<xmax>495</xmax>
			<ymin>21</ymin>
			<ymax>299</ymax>
		</bndbox>
	</object>
</annotation>
