<annotation>
	<folder></folder>
	<filename>hijab-1126_jpg.rf.c0c12ebfa707f01d9b9238650508f984.jpg</filename>
	<path>hijab-1126_jpg.rf.c0c12ebfa707f01d9b9238650508f984.jpg</path>
	<source>
		<database>roboflow.ai</database>
	</source>
	<size>
		<width>640</width>
		<height>640</height>
		<depth>3</depth>
	</size>
	<segmented>0</segmented>
	<object>
		<name>head</name>
		<pose>Unspecified</pose>
		<truncated>0</truncated>
		<difficult>0</difficult>
		<occluded>0</occluded>
		<bndbox>
			<xmin>47</xmin>
			<xmax>445</xmax>
			<ymin>30</ymin>
			<ymax>308</ymax>
		</bndbox>
	</object>
</annotation>
