<annotation>
	<folder></folder>
	<filename>hijab-1953_jpg.rf.8d64489dfc1ebf3da89254906f193d8a.jpg</filename>
	<path>hijab-1953_jpg.rf.8d64489dfc1ebf3da89254906f193d8a.jpg</path>
	<source>
		<database>roboflow.ai</database>
	</source>
	<size>
		<width>640</width>
		<height>640</height>
		<depth>3</depth>
	</size>
	<segmented>0</segmented>
	<object>
		<name>head</name>
		<pose>Unspecified</pose>
		<truncated>0</truncated>
		<difficult>0</difficult>
		<occluded>0</occluded>
		<bndbox>
			<xmin>147</xmin>
			<xmax>564</xmax>
			<ymin>49</ymin>
			<ymax>293</ymax>
		</bndbox>
	</object>
</annotation>
