<annotation>
	<folder></folder>
	<filename>hijab-1787_jpg.rf.e38bad1da104930ec4c4427000f5ca3a.jpg</filename>
	<path>hijab-1787_jpg.rf.e38bad1da104930ec4c4427000f5ca3a.jpg</path>
	<source>
		<database>roboflow.ai</database>
	</source>
	<size>
		<width>640</width>
		<height>640</height>
		<depth>3</depth>
	</size>
	<segmented>0</segmented>
	<object>
		<name>head</name>
		<pose>Unspecified</pose>
		<truncated>0</truncated>
		<difficult>0</difficult>
		<occluded>0</occluded>
		<bndbox>
			<xmin>202</xmin>
			<xmax>641</xmax>
			<ymin>29</ymin>
			<ymax>294</ymax>
		</bndbox>
	</object>
</annotation>
