<annotation>
	<folder></folder>
	<filename>hijab-1260_jpg.rf.d9ef42844df33dde6502ef2c8cf06445.jpg</filename>
	<path>hijab-1260_jpg.rf.d9ef42844df33dde6502ef2c8cf06445.jpg</path>
	<source>
		<database>roboflow.ai</database>
	</source>
	<size>
		<width>640</width>
		<height>640</height>
		<depth>3</depth>
	</size>
	<segmented>0</segmented>
	<object>
		<name>head</name>
		<pose>Unspecified</pose>
		<truncated>0</truncated>
		<difficult>0</difficult>
		<occluded>0</occluded>
		<bndbox>
			<xmin>87</xmin>
			<xmax>461</xmax>
			<ymin>41</ymin>
			<ymax>301</ymax>
		</bndbox>
	</object>
</annotation>
