<annotation>
	<folder></folder>
	<filename>hijab-0517_jpg.rf.e88fdc9107dd2f78ee75c65bdb65a469.jpg</filename>
	<path>hijab-0517_jpg.rf.e88fdc9107dd2f78ee75c65bdb65a469.jpg</path>
	<source>
		<database>roboflow.ai</database>
	</source>
	<size>
		<width>640</width>
		<height>640</height>
		<depth>3</depth>
	</size>
	<segmented>0</segmented>
	<object>
		<name>head</name>
		<pose>Unspecified</pose>
		<truncated>0</truncated>
		<difficult>0</difficult>
		<occluded>0</occluded>
		<bndbox>
			<xmin>132</xmin>
			<xmax>512</xmax>
			<ymin>11</ymin>
			<ymax>291</ymax>
		</bndbox>
	</object>
</annotation>
