<annotation>
	<folder></folder>
	<filename>hijab-1529_jpg.rf.f4d5afb83f6545c1411ea4a91ee38cd5.jpg</filename>
	<path>hijab-1529_jpg.rf.f4d5afb83f6545c1411ea4a91ee38cd5.jpg</path>
	<source>
		<database>roboflow.ai</database>
	</source>
	<size>
		<width>640</width>
		<height>640</height>
		<depth>3</depth>
	</size>
	<segmented>0</segmented>
	<object>
		<name>head</name>
		<pose>Unspecified</pose>
		<truncated>0</truncated>
		<difficult>0</difficult>
		<occluded>0</occluded>
		<bndbox>
			<xmin>139</xmin>
			<xmax>489</xmax>
			<ymin>10</ymin>
			<ymax>291</ymax>
		</bndbox>
	</object>
</annotation>
