<annotation>
	<folder></folder>
	<filename>hijab-1080_jpg.rf.5e195372942ab569185fb1b067ea790c.jpg</filename>
	<path>hijab-1080_jpg.rf.5e195372942ab569185fb1b067ea790c.jpg</path>
	<source>
		<database>roboflow.ai</database>
	</source>
	<size>
		<width>640</width>
		<height>640</height>
		<depth>3</depth>
	</size>
	<segmented>0</segmented>
	<object>
		<name>head</name>
		<pose>Unspecified</pose>
		<truncated>0</truncated>
		<difficult>0</difficult>
		<occluded>0</occluded>
		<bndbox>
			<xmin>174</xmin>
			<xmax>513</xmax>
			<ymin>23</ymin>
			<ymax>309</ymax>
		</bndbox>
	</object>
</annotation>
