<annotation>
	<folder></folder>
	<filename>hijab-0805_jpg.rf.4805d59a7410f89f3fd7486341f900f9.jpg</filename>
	<path>hijab-0805_jpg.rf.4805d59a7410f89f3fd7486341f900f9.jpg</path>
	<source>
		<database>roboflow.ai</database>
	</source>
	<size>
		<width>640</width>
		<height>640</height>
		<depth>3</depth>
	</size>
	<segmented>0</segmented>
	<object>
		<name>head</name>
		<pose>Unspecified</pose>
		<truncated>0</truncated>
		<difficult>0</difficult>
		<occluded>0</occluded>
		<bndbox>
			<xmin>167</xmin>
			<xmax>485</xmax>
			<ymin>24</ymin>
			<ymax>281</ymax>
		</bndbox>
	</object>
</annotation>
