<annotation>
	<folder></folder>
	<filename>hijab-2119_jpg.rf.e49d0ca34a86878fe8b0c8588caff379.jpg</filename>
	<path>hijab-2119_jpg.rf.e49d0ca34a86878fe8b0c8588caff379.jpg</path>
	<source>
		<database>roboflow.ai</database>
	</source>
	<size>
		<width>640</width>
		<height>640</height>
		<depth>3</depth>
	</size>
	<segmented>0</segmented>
	<object>
		<name>head</name>
		<pose>Unspecified</pose>
		<truncated>0</truncated>
		<difficult>0</difficult>
		<occluded>0</occluded>
		<bndbox>
			<xmin>83</xmin>
			<xmax>476</xmax>
			<ymin>7</ymin>
			<ymax>287</ymax>
		</bndbox>
	</object>
</annotation>
