<annotation>
	<folder></folder>
	<filename>hijab-0745_jpg.rf.d3c04ec9d20b448138c51f6158d3994f.jpg</filename>
	<path>hijab-0745_jpg.rf.d3c04ec9d20b448138c51f6158d3994f.jpg</path>
	<source>
		<database>roboflow.ai</database>
	</source>
	<size>
		<width>640</width>
		<height>640</height>
		<depth>3</depth>
	</size>
	<segmented>0</segmented>
	<object>
		<name>head</name>
		<pose>Unspecified</pose>
		<truncated>0</truncated>
		<difficult>0</difficult>
		<occluded>0</occluded>
		<bndbox>
			<xmin>150</xmin>
			<xmax>488</xmax>
			<ymin>35</ymin>
			<ymax>299</ymax>
		</bndbox>
	</object>
</annotation>
