<annotation>
	<folder></folder>
	<filename>hijab-1435_jpg.rf.7c0f2b48897061f471a9aa22b6b0a708.jpg</filename>
	<path>hijab-1435_jpg.rf.7c0f2b48897061f471a9aa22b6b0a708.jpg</path>
	<source>
		<database>roboflow.ai</database>
	</source>
	<size>
		<width>640</width>
		<height>640</height>
		<depth>3</depth>
	</size>
	<segmented>0</segmented>
	<object>
		<name>head</name>
		<pose>Unspecified</pose>
		<truncated>0</truncated>
		<difficult>0</difficult>
		<occluded>0</occluded>
		<bndbox>
			<xmin>173</xmin>
			<xmax>576</xmax>
			<ymin>20</ymin>
			<ymax>293</ymax>
		</bndbox>
	</object>
</annotation>
