<annotation>
	<folder></folder>
	<filename>hijab-2074_jpg.rf.df016868bb97a657147aab08bcf48f59.jpg</filename>
	<path>hijab-2074_jpg.rf.df016868bb97a657147aab08bcf48f59.jpg</path>
	<source>
		<database>roboflow.ai</database>
	</source>
	<size>
		<width>640</width>
		<height>640</height>
		<depth>3</depth>
	</size>
	<segmented>0</segmented>
	<object>
		<name>head</name>
		<pose>Unspecified</pose>
		<truncated>0</truncated>
		<difficult>0</difficult>
		<occluded>0</occluded>
		<bndbox>
			<xmin>167</xmin>
			<xmax>496</xmax>
			<ymin>11</ymin>
			<ymax>290</ymax>
		</bndbox>
	</object>
</annotation>
