<annotation>
	<folder></folder>
	<filename>hijab-1548_jpg.rf.43cb940f68f7f81d4d1132a6fac5e0af.jpg</filename>
	<path>hijab-1548_jpg.rf.43cb940f68f7f81d4d1132a6fac5e0af.jpg</path>
	<source>
		<database>roboflow.ai</database>
	</source>
	<size>
		<width>640</width>
		<height>640</height>
		<depth>3</depth>
	</size>
	<segmented>0</segmented>
	<object>
		<name>head</name>
		<pose>Unspecified</pose>
		<truncated>0</truncated>
		<difficult>0</difficult>
		<occluded>0</occluded>
		<bndbox>
			<xmin>128</xmin>
			<xmax>640</xmax>
			<ymin>5</ymin>
			<ymax>301</ymax>
		</bndbox>
	</object>
</annotation>
