<annotation>
	<folder></folder>
	<filename>hijab-0054_jpg.rf.4dbd6eea19932fc1013e71e7bab662f8.jpg</filename>
	<path>hijab-0054_jpg.rf.4dbd6eea19932fc1013e71e7bab662f8.jpg</path>
	<source>
		<database>roboflow.ai</database>
	</source>
	<size>
		<width>640</width>
		<height>640</height>
		<depth>3</depth>
	</size>
	<segmented>0</segmented>
	<object>
		<name>head</name>
		<pose>Unspecified</pose>
		<truncated>0</truncated>
		<difficult>0</difficult>
		<occluded>0</occluded>
		<bndbox>
			<xmin>114</xmin>
			<xmax>537</xmax>
			<ymin>33</ymin>
			<ymax>306</ymax>
		</bndbox>
	</object>
</annotation>
