<annotation>
	<folder></folder>
	<filename>hijab-1814_jpg.rf.62f428fdd44058926d1f5205a98df30f.jpg</filename>
	<path>hijab-1814_jpg.rf.62f428fdd44058926d1f5205a98df30f.jpg</path>
	<source>
		<database>roboflow.ai</database>
	</source>
	<size>
		<width>640</width>
		<height>640</height>
		<depth>3</depth>
	</size>
	<segmented>0</segmented>
	<object>
		<name>head</name>
		<pose>Unspecified</pose>
		<truncated>0</truncated>
		<difficult>0</difficult>
		<occluded>0</occluded>
		<bndbox>
			<xmin>175</xmin>
			<xmax>641</xmax>
			<ymin>1</ymin>
			<ymax>304</ymax>
		</bndbox>
	</object>
</annotation>
