<annotation>
	<folder></folder>
	<filename>hijab-2498_jpg.rf.169ce87ce7a1b2ee5fc655ff9be1aee5.jpg</filename>
	<path>hijab-2498_jpg.rf.169ce87ce7a1b2ee5fc655ff9be1aee5.jpg</path>
	<source>
		<database>roboflow.ai</database>
	</source>
	<size>
		<width>640</width>
		<height>640</height>
		<depth>3</depth>
	</size>
	<segmented>0</segmented>
	<object>
		<name>head</name>
		<pose>Unspecified</pose>
		<truncated>0</truncated>
		<difficult>0</difficult>
		<occluded>0</occluded>
		<bndbox>
			<xmin>154</xmin>
			<xmax>469</xmax>
			<ymin>34</ymin>
			<ymax>286</ymax>
		</bndbox>
	</object>
</annotation>
