<annotation>
	<folder></folder>
	<filename>hijab-1803_jpg.rf.fef8fb9f0914c6c1484b2b23bac9651b.jpg</filename>
	<path>hijab-1803_jpg.rf.fef8fb9f0914c6c1484b2b23bac9651b.jpg</path>
	<source>
		<database>roboflow.ai</database>
	</source>
	<size>
		<width>640</width>
		<height>640</height>
		<depth>3</depth>
	</size>
	<segmented>0</segmented>
	<object>
		<name>head</name>
		<pose>Unspecified</pose>
		<truncated>0</truncated>
		<difficult>0</difficult>
		<occluded>0</occluded>
		<bndbox>
			<xmin>203</xmin>
			<xmax>641</xmax>
			<ymin>23</ymin>
			<ymax>273</ymax>
		</bndbox>
	</object>
</annotation>
