<annotation>
	<folder></folder>
	<filename>hijab-0845_jpg.rf.f2be55cbd768f191187343b405dacb89.jpg</filename>
	<path>hijab-0845_jpg.rf.f2be55cbd768f191187343b405dacb89.jpg</path>
	<source>
		<database>roboflow.ai</database>
	</source>
	<size>
		<width>640</width>
		<height>640</height>
		<depth>3</depth>
	</size>
	<segmented>0</segmented>
	<object>
		<name>head</name>
		<pose>Unspecified</pose>
		<truncated>0</truncated>
		<difficult>0</difficult>
		<occluded>0</occluded>
		<bndbox>
			<xmin>180</xmin>
			<xmax>544</xmax>
			<ymin>23</ymin>
			<ymax>291</ymax>
		</bndbox>
	</object>
</annotation>
