<annotation>
	<folder></folder>
	<filename>hijab-0132_jpg.rf.683faffdbf46da62a1d1ec1dcf56529b.jpg</filename>
	<path>hijab-0132_jpg.rf.683faffdbf46da62a1d1ec1dcf56529b.jpg</path>
	<source>
		<database>roboflow.ai</database>
	</source>
	<size>
		<width>640</width>
		<height>640</height>
		<depth>3</depth>
	</size>
	<segmented>0</segmented>
	<object>
		<name>head</name>
		<pose>Unspecified</pose>
		<truncated>0</truncated>
		<difficult>0</difficult>
		<occluded>0</occluded>
		<bndbox>
			<xmin>147</xmin>
			<xmax>520</xmax>
			<ymin>65</ymin>
			<ymax>304</ymax>
		</bndbox>
	</object>
</annotation>
