<annotation>
	<folder></folder>
	<filename>hijab-2026_jpg.rf.631624aae5a1b9a5f8af34e7b47f2c54.jpg</filename>
	<path>hijab-2026_jpg.rf.631624aae5a1b9a5f8af34e7b47f2c54.jpg</path>
	<source>
		<database>roboflow.ai</database>
	</source>
	<size>
		<width>640</width>
		<height>640</height>
		<depth>3</depth>
	</size>
	<segmented>0</segmented>
	<object>
		<name>head</name>
		<pose>Unspecified</pose>
		<truncated>0</truncated>
		<difficult>0</difficult>
		<occluded>0</occluded>
		<bndbox>
			<xmin>1</xmin>
			<xmax>426</xmax>
			<ymin>10</ymin>
			<ymax>318</ymax>
		</bndbox>
	</object>
</annotation>
