<annotation>
	<folder></folder>
	<filename>hijab-1169_jpg.rf.5157698d5492b7daa147375bb944aa85.jpg</filename>
	<path>hijab-1169_jpg.rf.5157698d5492b7daa147375bb944aa85.jpg</path>
	<source>
		<database>roboflow.ai</database>
	</source>
	<size>
		<width>640</width>
		<height>640</height>
		<depth>3</depth>
	</size>
	<segmented>0</segmented>
	<object>
		<name>head</name>
		<pose>Unspecified</pose>
		<truncated>0</truncated>
		<difficult>0</difficult>
		<occluded>0</occluded>
		<bndbox>
			<xmin>129</xmin>
			<xmax>518</xmax>
			<ymin>21</ymin>
			<ymax>302</ymax>
		</bndbox>
	</object>
</annotation>
