<annotation>
	<folder></folder>
	<filename>hijab-0856_jpg.rf.9fb3377381b5655aa538dcf08f055833.jpg</filename>
	<path>hijab-0856_jpg.rf.9fb3377381b5655aa538dcf08f055833.jpg</path>
	<source>
		<database>roboflow.ai</database>
	</source>
	<size>
		<width>640</width>
		<height>640</height>
		<depth>3</depth>
	</size>
	<segmented>0</segmented>
	<object>
		<name>head</name>
		<pose>Unspecified</pose>
		<truncated>0</truncated>
		<difficult>0</difficult>
		<occluded>0</occluded>
		<bndbox>
			<xmin>119</xmin>
			<xmax>480</xmax>
			<ymin>27</ymin>
			<ymax>295</ymax>
		</bndbox>
	</object>
</annotation>
