<annotation>
	<folder></folder>
	<filename>hijab-1088_jpg.rf.cddb7abc8661996b40fd850ed84147dc.jpg</filename>
	<path>hijab-1088_jpg.rf.cddb7abc8661996b40fd850ed84147dc.jpg</path>
	<source>
		<database>roboflow.ai</database>
	</source>
	<size>
		<width>640</width>
		<height>640</height>
		<depth>3</depth>
	</size>
	<segmented>0</segmented>
	<object>
		<name>head</name>
		<pose>Unspecified</pose>
		<truncated>0</truncated>
		<difficult>0</difficult>
		<occluded>0</occluded>
		<bndbox>
			<xmin>162</xmin>
			<xmax>500</xmax>
			<ymin>13</ymin>
			<ymax>287</ymax>
		</bndbox>
	</object>
</annotation>
