<annotation>
	<folder></folder>
	<filename>hijab-1378_jpg.rf.5b7579920fae81553c7494bb9f979cae.jpg</filename>
	<path>hijab-1378_jpg.rf.5b7579920fae81553c7494bb9f979cae.jpg</path>
	<source>
		<database>roboflow.ai</database>
	</source>
	<size>
		<width>640</width>
		<height>640</height>
		<depth>3</depth>
	</size>
	<segmented>0</segmented>
	<object>
		<name>head</name>
		<pose>Unspecified</pose>
		<truncated>0</truncated>
		<difficult>0</difficult>
		<occluded>0</occluded>
		<bndbox>
			<xmin>224</xmin>
			<xmax>591</xmax>
			<ymin>27</ymin>
			<ymax>315</ymax>
		</bndbox>
	</object>
</annotation>
