<annotation>
	<folder></folder>
	<filename>hijab-1186_jpg.rf.8af7a7e9fe2dd00b2ac95dd5426f7719.jpg</filename>
	<path>hijab-1186_jpg.rf.8af7a7e9fe2dd00b2ac95dd5426f7719.jpg</path>
	<source>
		<database>roboflow.ai</database>
	</source>
	<size>
		<width>640</width>
		<height>640</height>
		<depth>3</depth>
	</size>
	<segmented>0</segmented>
	<object>
		<name>head</name>
		<pose>Unspecified</pose>
		<truncated>0</truncated>
		<difficult>0</difficult>
		<occluded>0</occluded>
		<bndbox>
			<xmin>110</xmin>
			<xmax>578</xmax>
			<ymin>24</ymin>
			<ymax>297</ymax>
		</bndbox>
	</object>
</annotation>
