<annotation>
	<folder></folder>
	<filename>hijab-2869_jpg.rf.ddedc814a92b4fc8384476a56ae290c9.jpg</filename>
	<path>hijab-2869_jpg.rf.ddedc814a92b4fc8384476a56ae290c9.jpg</path>
	<source>
		<database>roboflow.ai</database>
	</source>
	<size>
		<width>640</width>
		<height>640</height>
		<depth>3</depth>
	</size>
	<segmented>0</segmented>
	<object>
		<name>head</name>
		<pose>Unspecified</pose>
		<truncated>0</truncated>
		<difficult>0</difficult>
		<occluded>0</occluded>
		<bndbox>
			<xmin>189</xmin>
			<xmax>440</xmax>
			<ymin>18</ymin>
			<ymax>265</ymax>
		</bndbox>
	</object>
</annotation>
