<annotation>
	<folder></folder>
	<filename>hijab-2649_jpg.rf.0da9734a9a384301f7961c966bb7c4a3.jpg</filename>
	<path>hijab-2649_jpg.rf.0da9734a9a384301f7961c966bb7c4a3.jpg</path>
	<source>
		<database>roboflow.ai</database>
	</source>
	<size>
		<width>640</width>
		<height>640</height>
		<depth>3</depth>
	</size>
	<segmented>0</segmented>
	<object>
		<name>head</name>
		<pose>Unspecified</pose>
		<truncated>0</truncated>
		<difficult>0</difficult>
		<occluded>0</occluded>
		<bndbox>
			<xmin>117</xmin>
			<xmax>491</xmax>
			<ymin>41</ymin>
			<ymax>306</ymax>
		</bndbox>
	</object>
</annotation>
