<annotation>
	<folder></folder>
	<filename>hijab-1871_jpg.rf.f4ca7527661ad54ef1bf7b8bc47ad0b7.jpg</filename>
	<path>hijab-1871_jpg.rf.f4ca7527661ad54ef1bf7b8bc47ad0b7.jpg</path>
	<source>
		<database>roboflow.ai</database>
	</source>
	<size>
		<width>640</width>
		<height>640</height>
		<depth>3</depth>
	</size>
	<segmented>0</segmented>
	<object>
		<name>head</name>
		<pose>Unspecified</pose>
		<truncated>0</truncated>
		<difficult>0</difficult>
		<occluded>0</occluded>
		<bndbox>
			<xmin>172</xmin>
			<xmax>589</xmax>
			<ymin>17</ymin>
			<ymax>285</ymax>
		</bndbox>
	</object>
</annotation>
