<annotation>
	<folder></folder>
	<filename>hijab-0762_jpg.rf.4b88ed3d605e94d627d96d596f36b901.jpg</filename>
	<path>hijab-0762_jpg.rf.4b88ed3d605e94d627d96d596f36b901.jpg</path>
	<source>
		<database>roboflow.ai</database>
	</source>
	<size>
		<width>640</width>
		<height>640</height>
		<depth>3</depth>
	</size>
	<segmented>0</segmented>
	<object>
		<name>head</name>
		<pose>Unspecified</pose>
		<truncated>0</truncated>
		<difficult>0</difficult>
		<occluded>0</occluded>
		<bndbox>
			<xmin>158</xmin>
			<xmax>502</xmax>
			<ymin>40</ymin>
			<ymax>305</ymax>
		</bndbox>
	</object>
</annotation>
