<annotation>
	<folder></folder>
	<filename>hijab-1495_jpg.rf.05a210cbec15930f589e95c820852f85.jpg</filename>
	<path>hijab-1495_jpg.rf.05a210cbec15930f589e95c820852f85.jpg</path>
	<source>
		<database>roboflow.ai</database>
	</source>
	<size>
		<width>640</width>
		<height>640</height>
		<depth>3</depth>
	</size>
	<segmented>0</segmented>
	<object>
		<name>head</name>
		<pose>Unspecified</pose>
		<truncated>0</truncated>
		<difficult>0</difficult>
		<occluded>0</occluded>
		<bndbox>
			<xmin>1</xmin>
			<xmax>228</xmax>
			<ymin>23</ymin>
			<ymax>234</ymax>
		</bndbox>
	</object>
	<object>
		<name>head</name>
		<pose>Unspecified</pose>
		<truncated>0</truncated>
		<difficult>0</difficult>
		<occluded>0</occluded>
		<bndbox>
			<xmin>213</xmin>
			<xmax>641</xmax>
			<ymin>39</ymin>
			<ymax>331</ymax>
		</bndbox>
	</object>
</annotation>
