<annotation>
	<folder></folder>
	<filename>hijab-2603_jpg.rf.e48c6b8f05563c744a0857d9e8c95232.jpg</filename>
	<path>hijab-2603_jpg.rf.e48c6b8f05563c744a0857d9e8c95232.jpg</path>
	<source>
		<database>roboflow.ai</database>
	</source>
	<size>
		<width>640</width>
		<height>640</height>
		<depth>3</depth>
	</size>
	<segmented>0</segmented>
	<object>
		<name>head</name>
		<pose>Unspecified</pose>
		<truncated>0</truncated>
		<difficult>0</difficult>
		<occluded>0</occluded>
		<bndbox>
			<xmin>158</xmin>
			<xmax>513</xmax>
			<ymin>11</ymin>
			<ymax>323</ymax>
		</bndbox>
	</object>
</annotation>
