<annotation>
	<folder></folder>
	<filename>hijab-2571_jpg.rf.596d6263cddbbf9f3372596d7e179eab.jpg</filename>
	<path>hijab-2571_jpg.rf.596d6263cddbbf9f3372596d7e179eab.jpg</path>
	<source>
		<database>roboflow.ai</database>
	</source>
	<size>
		<width>640</width>
		<height>640</height>
		<depth>3</depth>
	</size>
	<segmented>0</segmented>
	<object>
		<name>head</name>
		<pose>Unspecified</pose>
		<truncated>0</truncated>
		<difficult>0</difficult>
		<occluded>0</occluded>
		<bndbox>
			<xmin>121</xmin>
			<xmax>492</xmax>
			<ymin>8</ymin>
			<ymax>291</ymax>
		</bndbox>
	</object>
</annotation>
