<annotation>
	<folder></folder>
	<filename>hijab-0904_jpg.rf.4e00ffe85affc34894f9a734b1558815.jpg</filename>
	<path>hijab-0904_jpg.rf.4e00ffe85affc34894f9a734b1558815.jpg</path>
	<source>
		<database>roboflow.ai</database>
	</source>
	<size>
		<width>640</width>
		<height>640</height>
		<depth>3</depth>
	</size>
	<segmented>0</segmented>
	<object>
		<name>head</name>
		<pose>Unspecified</pose>
		<truncated>0</truncated>
		<difficult>0</difficult>
		<occluded>0</occluded>
		<bndbox>
			<xmin>135</xmin>
			<xmax>521</xmax>
			<ymin>20</ymin>
			<ymax>286</ymax>
		</bndbox>
	</object>
</annotation>
