<annotation>
	<folder></folder>
	<filename>hijab-1769_jpg.rf.a8aa04767cc72240efc6c94b66ee7c02.jpg</filename>
	<path>hijab-1769_jpg.rf.a8aa04767cc72240efc6c94b66ee7c02.jpg</path>
	<source>
		<database>roboflow.ai</database>
	</source>
	<size>
		<width>640</width>
		<height>640</height>
		<depth>3</depth>
	</size>
	<segmented>0</segmented>
	<object>
		<name>head</name>
		<pose>Unspecified</pose>
		<truncated>0</truncated>
		<difficult>0</difficult>
		<occluded>0</occluded>
		<bndbox>
			<xmin>187</xmin>
			<xmax>587</xmax>
			<ymin>10</ymin>
			<ymax>292</ymax>
		</bndbox>
	</object>
</annotation>
