<annotation>
	<folder></folder>
	<filename>hijab-2558_jpg.rf.f83388bd1ba328a8dcc4cd43253ba1a5.jpg</filename>
	<path>hijab-2558_jpg.rf.f83388bd1ba328a8dcc4cd43253ba1a5.jpg</path>
	<source>
		<database>roboflow.ai</database>
	</source>
	<size>
		<width>640</width>
		<height>640</height>
		<depth>3</depth>
	</size>
	<segmented>0</segmented>
	<object>
		<name>head</name>
		<pose>Unspecified</pose>
		<truncated>0</truncated>
		<difficult>0</difficult>
		<occluded>0</occluded>
		<bndbox>
			<xmin>192</xmin>
			<xmax>578</xmax>
			<ymin>39</ymin>
			<ymax>297</ymax>
		</bndbox>
	</object>
</annotation>
