<annotation>
	<folder></folder>
	<filename>hijab-2352_jpg.rf.70bf6f6b1b97a0e1fef390361dd862c9.jpg</filename>
	<path>hijab-2352_jpg.rf.70bf6f6b1b97a0e1fef390361dd862c9.jpg</path>
	<source>
		<database>roboflow.ai</database>
	</source>
	<size>
		<width>640</width>
		<height>640</height>
		<depth>3</depth>
	</size>
	<segmented>0</segmented>
	<object>
		<name>head</name>
		<pose>Unspecified</pose>
		<truncated>0</truncated>
		<difficult>0</difficult>
		<occluded>0</occluded>
		<bndbox>
			<xmin>142</xmin>
			<xmax>513</xmax>
			<ymin>14</ymin>
			<ymax>306</ymax>
		</bndbox>
	</object>
</annotation>
