<annotation>
	<folder></folder>
	<filename>hijab-2156_jpg.rf.9e228049a398c5cd08371a4be1047ed8.jpg</filename>
	<path>hijab-2156_jpg.rf.9e228049a398c5cd08371a4be1047ed8.jpg</path>
	<source>
		<database>roboflow.ai</database>
	</source>
	<size>
		<width>640</width>
		<height>640</height>
		<depth>3</depth>
	</size>
	<segmented>0</segmented>
	<object>
		<name>head</name>
		<pose>Unspecified</pose>
		<truncated>0</truncated>
		<difficult>0</difficult>
		<occluded>0</occluded>
		<bndbox>
			<xmin>156</xmin>
			<xmax>457</xmax>
			<ymin>31</ymin>
			<ymax>278</ymax>
		</bndbox>
	</object>
</annotation>
