<annotation>
	<folder></folder>
	<filename>hijab-0089_jpg.rf.75d1c7d65c0c369e7909a5039711b811.jpg</filename>
	<path>hijab-0089_jpg.rf.75d1c7d65c0c369e7909a5039711b811.jpg</path>
	<source>
		<database>roboflow.ai</database>
	</source>
	<size>
		<width>640</width>
		<height>640</height>
		<depth>3</depth>
	</size>
	<segmented>0</segmented>
	<object>
		<name>head</name>
		<pose>Unspecified</pose>
		<truncated>0</truncated>
		<difficult>0</difficult>
		<occluded>0</occluded>
		<bndbox>
			<xmin>173</xmin>
			<xmax>525</xmax>
			<ymin>43</ymin>
			<ymax>296</ymax>
		</bndbox>
	</object>
</annotation>
