<annotation>
	<folder></folder>
	<filename>hijab-1509_jpg.rf.07d8e19632e21965f2718f8a10f156ff.jpg</filename>
	<path>hijab-1509_jpg.rf.07d8e19632e21965f2718f8a10f156ff.jpg</path>
	<source>
		<database>roboflow.ai</database>
	</source>
	<size>
		<width>640</width>
		<height>640</height>
		<depth>3</depth>
	</size>
	<segmented>0</segmented>
	<object>
		<name>head</name>
		<pose>Unspecified</pose>
		<truncated>0</truncated>
		<difficult>0</difficult>
		<occluded>0</occluded>
		<bndbox>
			<xmin>128</xmin>
			<xmax>544</xmax>
			<ymin>8</ymin>
			<ymax>288</ymax>
		</bndbox>
	</object>
</annotation>
