<annotation>
	<folder></folder>
	<filename>hijab-0768_jpg.rf.d808773512fa5ddaa4288a64ba577a66.jpg</filename>
	<path>hijab-0768_jpg.rf.d808773512fa5ddaa4288a64ba577a66.jpg</path>
	<source>
		<database>roboflow.ai</database>
	</source>
	<size>
		<width>640</width>
		<height>640</height>
		<depth>3</depth>
	</size>
	<segmented>0</segmented>
	<object>
		<name>head</name>
		<pose>Unspecified</pose>
		<truncated>0</truncated>
		<difficult>0</difficult>
		<occluded>0</occluded>
		<bndbox>
			<xmin>61</xmin>
			<xmax>440</xmax>
			<ymin>23</ymin>
			<ymax>324</ymax>
		</bndbox>
	</object>
</annotation>
