<annotation>
	<folder></folder>
	<filename>hijab-1073_jpg.rf.29564e7795404a6023e40079887635eb.jpg</filename>
	<path>hijab-1073_jpg.rf.29564e7795404a6023e40079887635eb.jpg</path>
	<source>
		<database>roboflow.ai</database>
	</source>
	<size>
		<width>640</width>
		<height>640</height>
		<depth>3</depth>
	</size>
	<segmented>0</segmented>
	<object>
		<name>head</name>
		<pose>Unspecified</pose>
		<truncated>0</truncated>
		<difficult>0</difficult>
		<occluded>0</occluded>
		<bndbox>
			<xmin>141</xmin>
			<xmax>496</xmax>
			<ymin>16</ymin>
			<ymax>302</ymax>
		</bndbox>
	</object>
</annotation>
