<annotation>
	<folder></folder>
	<filename>hijab-0251_jpg.rf.a2899c2ce915296482e69bdf99e39fd7.jpg</filename>
	<path>hijab-0251_jpg.rf.a2899c2ce915296482e69bdf99e39fd7.jpg</path>
	<source>
		<database>roboflow.ai</database>
	</source>
	<size>
		<width>640</width>
		<height>640</height>
		<depth>3</depth>
	</size>
	<segmented>0</segmented>
	<object>
		<name>head</name>
		<pose>Unspecified</pose>
		<truncated>0</truncated>
		<difficult>0</difficult>
		<occluded>0</occluded>
		<bndbox>
			<xmin>163</xmin>
			<xmax>493</xmax>
			<ymin>11</ymin>
			<ymax>259</ymax>
		</bndbox>
	</object>
</annotation>
