<annotation>
	<folder></folder>
	<filename>hijab-2505_jpg.rf.1e394378481265545594d72576d79b70.jpg</filename>
	<path>hijab-2505_jpg.rf.1e394378481265545594d72576d79b70.jpg</path>
	<source>
		<database>roboflow.ai</database>
	</source>
	<size>
		<width>640</width>
		<height>640</height>
		<depth>3</depth>
	</size>
	<segmented>0</segmented>
	<object>
		<name>head</name>
		<pose>Unspecified</pose>
		<truncated>0</truncated>
		<difficult>0</difficult>
		<occluded>0</occluded>
		<bndbox>
			<xmin>195</xmin>
			<xmax>517</xmax>
			<ymin>26</ymin>
			<ymax>302</ymax>
		</bndbox>
	</object>
</annotation>
