<annotation>
	<folder></folder>
	<filename>hijab-1216_jpg.rf.dc20c97d28ae7176eac9167420beea6a.jpg</filename>
	<path>hijab-1216_jpg.rf.dc20c97d28ae7176eac9167420beea6a.jpg</path>
	<source>
		<database>roboflow.ai</database>
	</source>
	<size>
		<width>640</width>
		<height>640</height>
		<depth>3</depth>
	</size>
	<segmented>0</segmented>
	<object>
		<name>head</name>
		<pose>Unspecified</pose>
		<truncated>0</truncated>
		<difficult>0</difficult>
		<occluded>0</occluded>
		<bndbox>
			<xmin>160</xmin>
			<xmax>515</xmax>
			<ymin>25</ymin>
			<ymax>298</ymax>
		</bndbox>
	</object>
</annotation>
