<annotation>
	<folder></folder>
	<filename>hijab-2574_jpg.rf.06b4227bf9b736edcd370766ab33d16d.jpg</filename>
	<path>hijab-2574_jpg.rf.06b4227bf9b736edcd370766ab33d16d.jpg</path>
	<source>
		<database>roboflow.ai</database>
	</source>
	<size>
		<width>640</width>
		<height>640</height>
		<depth>3</depth>
	</size>
	<segmented>0</segmented>
	<object>
		<name>head</name>
		<pose>Unspecified</pose>
		<truncated>0</truncated>
		<difficult>0</difficult>
		<occluded>0</occluded>
		<bndbox>
			<xmin>131</xmin>
			<xmax>495</xmax>
			<ymin>17</ymin>
			<ymax>294</ymax>
		</bndbox>
	</object>
</annotation>
