<annotation>
	<folder></folder>
	<filename>hijab-1944_jpg.rf.ce332c47dbbdde03cfebdfb6c1e1f61b.jpg</filename>
	<path>hijab-1944_jpg.rf.ce332c47dbbdde03cfebdfb6c1e1f61b.jpg</path>
	<source>
		<database>roboflow.ai</database>
	</source>
	<size>
		<width>640</width>
		<height>640</height>
		<depth>3</depth>
	</size>
	<segmented>0</segmented>
	<object>
		<name>head</name>
		<pose>Unspecified</pose>
		<truncated>0</truncated>
		<difficult>0</difficult>
		<occluded>0</occluded>
		<bndbox>
			<xmin>190</xmin>
			<xmax>622</xmax>
			<ymin>14</ymin>
			<ymax>288</ymax>
		</bndbox>
	</object>
</annotation>
