<annotation>
	<folder></folder>
	<filename>hijab-0737_jpg.rf.5a39c6c4503e4e0dffa8d1bdfc97ab4d.jpg</filename>
	<path>hijab-0737_jpg.rf.5a39c6c4503e4e0dffa8d1bdfc97ab4d.jpg</path>
	<source>
		<database>roboflow.ai</database>
	</source>
	<size>
		<width>640</width>
		<height>640</height>
		<depth>3</depth>
	</size>
	<segmented>0</segmented>
	<object>
		<name>head</name>
		<pose>Unspecified</pose>
		<truncated>0</truncated>
		<difficult>0</difficult>
		<occluded>0</occluded>
		<bndbox>
			<xmin>187</xmin>
			<xmax>636</xmax>
			<ymin>3</ymin>
			<ymax>310</ymax>
		</bndbox>
	</object>
</annotation>
