<annotation>
	<folder></folder>
	<filename>hijab-3107_jpg.rf.e321d2150c86cf74483da9db7ffa472a.jpg</filename>
	<path>hijab-3107_jpg.rf.e321d2150c86cf74483da9db7ffa472a.jpg</path>
	<source>
		<database>roboflow.ai</database>
	</source>
	<size>
		<width>640</width>
		<height>640</height>
		<depth>3</depth>
	</size>
	<segmented>0</segmented>
	<object>
		<name>head</name>
		<pose>Unspecified</pose>
		<truncated>0</truncated>
		<difficult>0</difficult>
		<occluded>0</occluded>
		<bndbox>
			<xmin>141</xmin>
			<xmax>494</xmax>
			<ymin>32</ymin>
			<ymax>289</ymax>
		</bndbox>
	</object>
</annotation>
