<annotation>
	<folder></folder>
	<filename>hijab-2061_jpg.rf.8f21240fb9cdbdb2c9e07ac51547a8a3.jpg</filename>
	<path>hijab-2061_jpg.rf.8f21240fb9cdbdb2c9e07ac51547a8a3.jpg</path>
	<source>
		<database>roboflow.ai</database>
	</source>
	<size>
		<width>640</width>
		<height>640</height>
		<depth>3</depth>
	</size>
	<segmented>0</segmented>
	<object>
		<name>head</name>
		<pose>Unspecified</pose>
		<truncated>0</truncated>
		<difficult>0</difficult>
		<occluded>0</occluded>
		<bndbox>
			<xmin>177</xmin>
			<xmax>491</xmax>
			<ymin>26</ymin>
			<ymax>286</ymax>
		</bndbox>
	</object>
</annotation>
