<annotation>
	<folder></folder>
	<filename>hijab-0247_jpg.rf.8f610527520c044e7340421395e13cb6.jpg</filename>
	<path>hijab-0247_jpg.rf.8f610527520c044e7340421395e13cb6.jpg</path>
	<source>
		<database>roboflow.ai</database>
	</source>
	<size>
		<width>640</width>
		<height>640</height>
		<depth>3</depth>
	</size>
	<segmented>0</segmented>
	<object>
		<name>head</name>
		<pose>Unspecified</pose>
		<truncated>0</truncated>
		<difficult>0</difficult>
		<occluded>0</occluded>
		<bndbox>
			<xmin>201</xmin>
			<xmax>569</xmax>
			<ymin>27</ymin>
			<ymax>294</ymax>
		</bndbox>
	</object>
</annotation>
