<annotation>
	<folder></folder>
	<filename>hijab-2230_jpg.rf.2072ad9e104460105490f7e42f10c222.jpg</filename>
	<path>hijab-2230_jpg.rf.2072ad9e104460105490f7e42f10c222.jpg</path>
	<source>
		<database>roboflow.ai</database>
	</source>
	<size>
		<width>640</width>
		<height>640</height>
		<depth>3</depth>
	</size>
	<segmented>0</segmented>
	<object>
		<name>head</name>
		<pose>Unspecified</pose>
		<truncated>0</truncated>
		<difficult>0</difficult>
		<occluded>0</occluded>
		<bndbox>
			<xmin>152</xmin>
			<xmax>509</xmax>
			<ymin>33</ymin>
			<ymax>285</ymax>
		</bndbox>
	</object>
</annotation>
