<annotation>
	<folder></folder>
	<filename>hijab-0750_jpg.rf.b372166087f1d5e69e5d395b2733fa12.jpg</filename>
	<path>hijab-0750_jpg.rf.b372166087f1d5e69e5d395b2733fa12.jpg</path>
	<source>
		<database>roboflow.ai</database>
	</source>
	<size>
		<width>640</width>
		<height>640</height>
		<depth>3</depth>
	</size>
	<segmented>0</segmented>
	<object>
		<name>head</name>
		<pose>Unspecified</pose>
		<truncated>0</truncated>
		<difficult>0</difficult>
		<occluded>0</occluded>
		<bndbox>
			<xmin>95</xmin>
			<xmax>472</xmax>
			<ymin>21</ymin>
			<ymax>322</ymax>
		</bndbox>
	</object>
</annotation>
