<annotation>
	<folder></folder>
	<filename>hijab-1404_jpg.rf.6887f8597169bf1c9bfb284e68683340.jpg</filename>
	<path>hijab-1404_jpg.rf.6887f8597169bf1c9bfb284e68683340.jpg</path>
	<source>
		<database>roboflow.ai</database>
	</source>
	<size>
		<width>640</width>
		<height>640</height>
		<depth>3</depth>
	</size>
	<segmented>0</segmented>
	<object>
		<name>head</name>
		<pose>Unspecified</pose>
		<truncated>0</truncated>
		<difficult>0</difficult>
		<occluded>0</occluded>
		<bndbox>
			<xmin>179</xmin>
			<xmax>501</xmax>
			<ymin>24</ymin>
			<ymax>281</ymax>
		</bndbox>
	</object>
</annotation>
