<annotation>
	<folder></folder>
	<filename>hijab-0312_jpg.rf.95f46f3e8597bf976700783239c415e6.jpg</filename>
	<path>hijab-0312_jpg.rf.95f46f3e8597bf976700783239c415e6.jpg</path>
	<source>
		<database>roboflow.ai</database>
	</source>
	<size>
		<width>640</width>
		<height>640</height>
		<depth>3</depth>
	</size>
	<segmented>0</segmented>
	<object>
		<name>head</name>
		<pose>Unspecified</pose>
		<truncated>0</truncated>
		<difficult>0</difficult>
		<occluded>0</occluded>
		<bndbox>
			<xmin>150</xmin>
			<xmax>514</xmax>
			<ymin>24</ymin>
			<ymax>284</ymax>
		</bndbox>
	</object>
</annotation>
