<annotation>
	<folder></folder>
	<filename>hijab-2506_jpg.rf.60187f32f7518246517e8498b215a132.jpg</filename>
	<path>hijab-2506_jpg.rf.60187f32f7518246517e8498b215a132.jpg</path>
	<source>
		<database>roboflow.ai</database>
	</source>
	<size>
		<width>640</width>
		<height>640</height>
		<depth>3</depth>
	</size>
	<segmented>0</segmented>
	<object>
		<name>head</name>
		<pose>Unspecified</pose>
		<truncated>0</truncated>
		<difficult>0</difficult>
		<occluded>0</occluded>
		<bndbox>
			<xmin>135</xmin>
			<xmax>497</xmax>
			<ymin>18</ymin>
			<ymax>304</ymax>
		</bndbox>
	</object>
</annotation>
