<annotation>
	<folder></folder>
	<filename>hijab-2853_jpg.rf.4634e11e99ad2100dd0ae6f568d703c0.jpg</filename>
	<path>hijab-2853_jpg.rf.4634e11e99ad2100dd0ae6f568d703c0.jpg</path>
	<source>
		<database>roboflow.ai</database>
	</source>
	<size>
		<width>640</width>
		<height>640</height>
		<depth>3</depth>
	</size>
	<segmented>0</segmented>
	<object>
		<name>head</name>
		<pose>Unspecified</pose>
		<truncated>0</truncated>
		<difficult>0</difficult>
		<occluded>0</occluded>
		<bndbox>
			<xmin>117</xmin>
			<xmax>485</xmax>
			<ymin>28</ymin>
			<ymax>293</ymax>
		</bndbox>
	</object>
</annotation>
