<annotation>
	<folder></folder>
	<filename>hijab-1901_jpg.rf.b7889ef3cc04f20a865e7945597e6df7.jpg</filename>
	<path>hijab-1901_jpg.rf.b7889ef3cc04f20a865e7945597e6df7.jpg</path>
	<source>
		<database>roboflow.ai</database>
	</source>
	<size>
		<width>640</width>
		<height>640</height>
		<depth>3</depth>
	</size>
	<segmented>0</segmented>
	<object>
		<name>head</name>
		<pose>Unspecified</pose>
		<truncated>0</truncated>
		<difficult>0</difficult>
		<occluded>0</occluded>
		<bndbox>
			<xmin>160</xmin>
			<xmax>498</xmax>
			<ymin>23</ymin>
			<ymax>288</ymax>
		</bndbox>
	</object>
</annotation>
