<annotation>
	<folder></folder>
	<filename>hijab-1183_jpg.rf.6242f5c5413eb71a73c0c87daf1b23fe.jpg</filename>
	<path>hijab-1183_jpg.rf.6242f5c5413eb71a73c0c87daf1b23fe.jpg</path>
	<source>
		<database>roboflow.ai</database>
	</source>
	<size>
		<width>640</width>
		<height>640</height>
		<depth>3</depth>
	</size>
	<segmented>0</segmented>
	<object>
		<name>head</name>
		<pose>Unspecified</pose>
		<truncated>0</truncated>
		<difficult>0</difficult>
		<occluded>0</occluded>
		<bndbox>
			<xmin>121</xmin>
			<xmax>517</xmax>
			<ymin>27</ymin>
			<ymax>266</ymax>
		</bndbox>
	</object>
</annotation>
