<annotation>
	<folder></folder>
	<filename>hijab-0173_jpg.rf.428bf45dcbf82387cbb33eed449487d6.jpg</filename>
	<path>hijab-0173_jpg.rf.428bf45dcbf82387cbb33eed449487d6.jpg</path>
	<source>
		<database>roboflow.ai</database>
	</source>
	<size>
		<width>640</width>
		<height>640</height>
		<depth>3</depth>
	</size>
	<segmented>0</segmented>
	<object>
		<name>head</name>
		<pose>Unspecified</pose>
		<truncated>0</truncated>
		<difficult>0</difficult>
		<occluded>0</occluded>
		<bndbox>
			<xmin>182</xmin>
			<xmax>532</xmax>
			<ymin>14</ymin>
			<ymax>270</ymax>
		</bndbox>
	</object>
</annotation>
