<annotation>
	<folder></folder>
	<filename>hijab-2020_jpg.rf.3568d2836acd23f633632d917b205a91.jpg</filename>
	<path>hijab-2020_jpg.rf.3568d2836acd23f633632d917b205a91.jpg</path>
	<source>
		<database>roboflow.ai</database>
	</source>
	<size>
		<width>640</width>
		<height>640</height>
		<depth>3</depth>
	</size>
	<segmented>0</segmented>
	<object>
		<name>head</name>
		<pose>Unspecified</pose>
		<truncated>0</truncated>
		<difficult>0</difficult>
		<occluded>0</occluded>
		<bndbox>
			<xmin>139</xmin>
			<xmax>455</xmax>
			<ymin>36</ymin>
			<ymax>294</ymax>
		</bndbox>
	</object>
</annotation>
