<annotation>
	<folder></folder>
	<filename>hijab-1496_jpg.rf.9c0069e59c9a3ac61f2fac57e5be13d6.jpg</filename>
	<path>hijab-1496_jpg.rf.9c0069e59c9a3ac61f2fac57e5be13d6.jpg</path>
	<source>
		<database>roboflow.ai</database>
	</source>
	<size>
		<width>640</width>
		<height>640</height>
		<depth>3</depth>
	</size>
	<segmented>0</segmented>
	<object>
		<name>head</name>
		<pose>Unspecified</pose>
		<truncated>0</truncated>
		<difficult>0</difficult>
		<occluded>0</occluded>
		<bndbox>
			<xmin>168</xmin>
			<xmax>536</xmax>
			<ymin>31</ymin>
			<ymax>278</ymax>
		</bndbox>
	</object>
</annotation>
