<annotation>
	<folder></folder>
	<filename>hijab-0776_jpg.rf.ab9f0fd0c67cf011ce697da9c0a76206.jpg</filename>
	<path>hijab-0776_jpg.rf.ab9f0fd0c67cf011ce697da9c0a76206.jpg</path>
	<source>
		<database>roboflow.ai</database>
	</source>
	<size>
		<width>640</width>
		<height>640</height>
		<depth>3</depth>
	</size>
	<segmented>0</segmented>
	<object>
		<name>head</name>
		<pose>Unspecified</pose>
		<truncated>0</truncated>
		<difficult>0</difficult>
		<occluded>0</occluded>
		<bndbox>
			<xmin>146</xmin>
			<xmax>464</xmax>
			<ymin>22</ymin>
			<ymax>291</ymax>
		</bndbox>
	</object>
</annotation>
