<annotation>
	<folder></folder>
	<filename>hijab-2082_jpg.rf.a43a3d7955a0188714cbdc89c55ee6d6.jpg</filename>
	<path>hijab-2082_jpg.rf.a43a3d7955a0188714cbdc89c55ee6d6.jpg</path>
	<source>
		<database>roboflow.ai</database>
	</source>
	<size>
		<width>640</width>
		<height>640</height>
		<depth>3</depth>
	</size>
	<segmented>0</segmented>
	<object>
		<name>head</name>
		<pose>Unspecified</pose>
		<truncated>0</truncated>
		<difficult>0</difficult>
		<occluded>0</occluded>
		<bndbox>
			<xmin>228</xmin>
			<xmax>641</xmax>
			<ymin>31</ymin>
			<ymax>296</ymax>
		</bndbox>
	</object>
</annotation>
