<annotation>
	<folder></folder>
	<filename>hijab-1630_jpg.rf.73d078665015a7f48f869fcc9195f9a1.jpg</filename>
	<path>hijab-1630_jpg.rf.73d078665015a7f48f869fcc9195f9a1.jpg</path>
	<source>
		<database>roboflow.ai</database>
	</source>
	<size>
		<width>640</width>
		<height>640</height>
		<depth>3</depth>
	</size>
	<segmented>0</segmented>
	<object>
		<name>head</name>
		<pose>Unspecified</pose>
		<truncated>0</truncated>
		<difficult>0</difficult>
		<occluded>0</occluded>
		<bndbox>
			<xmin>167</xmin>
			<xmax>525</xmax>
			<ymin>7</ymin>
			<ymax>294</ymax>
		</bndbox>
	</object>
</annotation>
