<annotation>
	<folder></folder>
	<filename>hijab-1007_jpg.rf.c201497fe2c63a95bcb9e304127747d1.jpg</filename>
	<path>hijab-1007_jpg.rf.c201497fe2c63a95bcb9e304127747d1.jpg</path>
	<source>
		<database>roboflow.ai</database>
	</source>
	<size>
		<width>640</width>
		<height>640</height>
		<depth>3</depth>
	</size>
	<segmented>0</segmented>
	<object>
		<name>head</name>
		<pose>Unspecified</pose>
		<truncated>0</truncated>
		<difficult>0</difficult>
		<occluded>0</occluded>
		<bndbox>
			<xmin>79</xmin>
			<xmax>427</xmax>
			<ymin>57</ymin>
			<ymax>304</ymax>
		</bndbox>
	</object>
</annotation>
