<annotation>
	<folder></folder>
	<filename>hijab-2137_jpg.rf.ab239c1468680b88d33a1f320311e5ef.jpg</filename>
	<path>hijab-2137_jpg.rf.ab239c1468680b88d33a1f320311e5ef.jpg</path>
	<source>
		<database>roboflow.ai</database>
	</source>
	<size>
		<width>640</width>
		<height>640</height>
		<depth>3</depth>
	</size>
	<segmented>0</segmented>
	<object>
		<name>head</name>
		<pose>Unspecified</pose>
		<truncated>0</truncated>
		<difficult>0</difficult>
		<occluded>0</occluded>
		<bndbox>
			<xmin>141</xmin>
			<xmax>476</xmax>
			<ymin>16</ymin>
			<ymax>332</ymax>
		</bndbox>
	</object>
</annotation>
