<annotation>
	<folder></folder>
	<filename>hijab-3037_jpg.rf.8f5f08265fa502969c8b611d6b88c6d2.jpg</filename>
	<path>hijab-3037_jpg.rf.8f5f08265fa502969c8b611d6b88c6d2.jpg</path>
	<source>
		<database>roboflow.ai</database>
	</source>
	<size>
		<width>640</width>
		<height>640</height>
		<depth>3</depth>
	</size>
	<segmented>0</segmented>
	<object>
		<name>head</name>
		<pose>Unspecified</pose>
		<truncated>0</truncated>
		<difficult>0</difficult>
		<occluded>0</occluded>
		<bndbox>
			<xmin>161</xmin>
			<xmax>583</xmax>
			<ymin>19</ymin>
			<ymax>323</ymax>
		</bndbox>
	</object>
</annotation>
