<annotation>
	<folder></folder>
	<filename>hijab-0831_jpg.rf.44535cee75717aca7dbb595314829b9f.jpg</filename>
	<path>hijab-0831_jpg.rf.44535cee75717aca7dbb595314829b9f.jpg</path>
	<source>
		<database>roboflow.ai</database>
	</source>
	<size>
		<width>640</width>
		<height>640</height>
		<depth>3</depth>
	</size>
	<segmented>0</segmented>
	<object>
		<name>head</name>
		<pose>Unspecified</pose>
		<truncated>0</truncated>
		<difficult>0</difficult>
		<occluded>0</occluded>
		<bndbox>
			<xmin>157</xmin>
			<xmax>531</xmax>
			<ymin>45</ymin>
			<ymax>299</ymax>
		</bndbox>
	</object>
</annotation>
