<annotation>
	<folder></folder>
	<filename>hijab-0308_jpg.rf.476e3c817ae9d308a08b91c9ed7e8d8c.jpg</filename>
	<path>hijab-0308_jpg.rf.476e3c817ae9d308a08b91c9ed7e8d8c.jpg</path>
	<source>
		<database>roboflow.ai</database>
	</source>
	<size>
		<width>640</width>
		<height>640</height>
		<depth>3</depth>
	</size>
	<segmented>0</segmented>
	<object>
		<name>head</name>
		<pose>Unspecified</pose>
		<truncated>0</truncated>
		<difficult>0</difficult>
		<occluded>0</occluded>
		<bndbox>
			<xmin>119</xmin>
			<xmax>446</xmax>
			<ymin>17</ymin>
			<ymax>279</ymax>
		</bndbox>
	</object>
</annotation>
