<annotation>
	<folder></folder>
	<filename>hijab-0753_jpg.rf.6e812c01bdd6cada48330f16847adbe4.jpg</filename>
	<path>hijab-0753_jpg.rf.6e812c01bdd6cada48330f16847adbe4.jpg</path>
	<source>
		<database>roboflow.ai</database>
	</source>
	<size>
		<width>640</width>
		<height>640</height>
		<depth>3</depth>
	</size>
	<segmented>0</segmented>
	<object>
		<name>head</name>
		<pose>Unspecified</pose>
		<truncated>0</truncated>
		<difficult>0</difficult>
		<occluded>0</occluded>
		<bndbox>
			<xmin>116</xmin>
			<xmax>434</xmax>
			<ymin>25</ymin>
			<ymax>295</ymax>
		</bndbox>
	</object>
</annotation>
