<annotation>
	<folder></folder>
	<filename>hijab-1429_jpg.rf.09df21cbe444afab44d6dff436df1561.jpg</filename>
	<path>hijab-1429_jpg.rf.09df21cbe444afab44d6dff436df1561.jpg</path>
	<source>
		<database>roboflow.ai</database>
	</source>
	<size>
		<width>640</width>
		<height>640</height>
		<depth>3</depth>
	</size>
	<segmented>0</segmented>
	<object>
		<name>head</name>
		<pose>Unspecified</pose>
		<truncated>0</truncated>
		<difficult>0</difficult>
		<occluded>0</occluded>
		<bndbox>
			<xmin>75</xmin>
			<xmax>465</xmax>
			<ymin>10</ymin>
			<ymax>312</ymax>
		</bndbox>
	</object>
</annotation>
