<annotation>
	<folder></folder>
	<filename>hijab-1740_jpg.rf.3d116e40c53efa14417fb29d6d6b6ed0.jpg</filename>
	<path>hijab-1740_jpg.rf.3d116e40c53efa14417fb29d6d6b6ed0.jpg</path>
	<source>
		<database>roboflow.ai</database>
	</source>
	<size>
		<width>640</width>
		<height>640</height>
		<depth>3</depth>
	</size>
	<segmented>0</segmented>
	<object>
		<name>head</name>
		<pose>Unspecified</pose>
		<truncated>0</truncated>
		<difficult>0</difficult>
		<occluded>0</occluded>
		<bndbox>
			<xmin>194</xmin>
			<xmax>617</xmax>
			<ymin>7</ymin>
			<ymax>300</ymax>
		</bndbox>
	</object>
</annotation>
