<annotation>
	<folder></folder>
	<filename>hijab-2003_jpg.rf.9cf99f3d5d934978abb6f7b8f95646d4.jpg</filename>
	<path>hijab-2003_jpg.rf.9cf99f3d5d934978abb6f7b8f95646d4.jpg</path>
	<source>
		<database>roboflow.ai</database>
	</source>
	<size>
		<width>640</width>
		<height>640</height>
		<depth>3</depth>
	</size>
	<segmented>0</segmented>
	<object>
		<name>head</name>
		<pose>Unspecified</pose>
		<truncated>0</truncated>
		<difficult>0</difficult>
		<occluded>0</occluded>
		<bndbox>
			<xmin>171</xmin>
			<xmax>545</xmax>
			<ymin>40</ymin>
			<ymax>302</ymax>
		</bndbox>
	</object>
</annotation>
