<annotation>
	<folder></folder>
	<filename>hijab-2314_jpg.rf.6891c45f3ac9b2e5204ca42ad76105cf.jpg</filename>
	<path>hijab-2314_jpg.rf.6891c45f3ac9b2e5204ca42ad76105cf.jpg</path>
	<source>
		<database>roboflow.ai</database>
	</source>
	<size>
		<width>640</width>
		<height>640</height>
		<depth>3</depth>
	</size>
	<segmented>0</segmented>
	<object>
		<name>head</name>
		<pose>Unspecified</pose>
		<truncated>0</truncated>
		<difficult>0</difficult>
		<occluded>0</occluded>
		<bndbox>
			<xmin>106</xmin>
			<xmax>449</xmax>
			<ymin>22</ymin>
			<ymax>299</ymax>
		</bndbox>
	</object>
</annotation>
