<annotation>
	<folder></folder>
	<filename>hijab-2806_jpg.rf.a6c393c52a0796ad46286c9d1d09fe39.jpg</filename>
	<path>hijab-2806_jpg.rf.a6c393c52a0796ad46286c9d1d09fe39.jpg</path>
	<source>
		<database>roboflow.ai</database>
	</source>
	<size>
		<width>640</width>
		<height>640</height>
		<depth>3</depth>
	</size>
	<segmented>0</segmented>
	<object>
		<name>head</name>
		<pose>Unspecified</pose>
		<truncated>0</truncated>
		<difficult>0</difficult>
		<occluded>0</occluded>
		<bndbox>
			<xmin>194</xmin>
			<xmax>573</xmax>
			<ymin>4</ymin>
			<ymax>274</ymax>
		</bndbox>
	</object>
</annotation>
