<annotation>
	<folder></folder>
	<filename>hijab-0361_jpg.rf.e57477322382393f5af62df6d201dfe8.jpg</filename>
	<path>hijab-0361_jpg.rf.e57477322382393f5af62df6d201dfe8.jpg</path>
	<source>
		<database>roboflow.ai</database>
	</source>
	<size>
		<width>640</width>
		<height>640</height>
		<depth>3</depth>
	</size>
	<segmented>0</segmented>
	<object>
		<name>head</name>
		<pose>Unspecified</pose>
		<truncated>0</truncated>
		<difficult>0</difficult>
		<occluded>0</occluded>
		<bndbox>
			<xmin>129</xmin>
			<xmax>504</xmax>
			<ymin>26</ymin>
			<ymax>301</ymax>
		</bndbox>
	</object>
</annotation>
