<annotation>
	<folder></folder>
	<filename>hijab-1283_jpg.rf.b1ba3a866945f4ade1ebebdd1067796a.jpg</filename>
	<path>hijab-1283_jpg.rf.b1ba3a866945f4ade1ebebdd1067796a.jpg</path>
	<source>
		<database>roboflow.ai</database>
	</source>
	<size>
		<width>640</width>
		<height>640</height>
		<depth>3</depth>
	</size>
	<segmented>0</segmented>
	<object>
		<name>head</name>
		<pose>Unspecified</pose>
		<truncated>0</truncated>
		<difficult>0</difficult>
		<occluded>0</occluded>
		<bndbox>
			<xmin>140</xmin>
			<xmax>507</xmax>
			<ymin>13</ymin>
			<ymax>301</ymax>
		</bndbox>
	</object>
</annotation>
