<annotation>
	<folder></folder>
	<filename>hijab-2700_jpg.rf.6a316a1f375cdd5b2e2757c1daa63220.jpg</filename>
	<path>hijab-2700_jpg.rf.6a316a1f375cdd5b2e2757c1daa63220.jpg</path>
	<source>
		<database>roboflow.ai</database>
	</source>
	<size>
		<width>640</width>
		<height>640</height>
		<depth>3</depth>
	</size>
	<segmented>0</segmented>
	<object>
		<name>head</name>
		<pose>Unspecified</pose>
		<truncated>0</truncated>
		<difficult>0</difficult>
		<occluded>0</occluded>
		<bndbox>
			<xmin>125</xmin>
			<xmax>451</xmax>
			<ymin>26</ymin>
			<ymax>294</ymax>
		</bndbox>
	</object>
</annotation>
