<annotation>
	<folder></folder>
	<filename>hijab-0666_jpg.rf.9a1778d1d66d4c1b360d08f3cb841bf9.jpg</filename>
	<path>hijab-0666_jpg.rf.9a1778d1d66d4c1b360d08f3cb841bf9.jpg</path>
	<source>
		<database>roboflow.ai</database>
	</source>
	<size>
		<width>640</width>
		<height>640</height>
		<depth>3</depth>
	</size>
	<segmented>0</segmented>
	<object>
		<name>head</name>
		<pose>Unspecified</pose>
		<truncated>0</truncated>
		<difficult>0</difficult>
		<occluded>0</occluded>
		<bndbox>
			<xmin>149</xmin>
			<xmax>565</xmax>
			<ymin>7</ymin>
			<ymax>303</ymax>
		</bndbox>
	</object>
</annotation>
