<annotation>
	<folder></folder>
	<filename>hijab-1888_jpg.rf.bd8a4a441d0ae7ecd82e2032206be3b1.jpg</filename>
	<path>hijab-1888_jpg.rf.bd8a4a441d0ae7ecd82e2032206be3b1.jpg</path>
	<source>
		<database>roboflow.ai</database>
	</source>
	<size>
		<width>640</width>
		<height>640</height>
		<depth>3</depth>
	</size>
	<segmented>0</segmented>
	<object>
		<name>head</name>
		<pose>Unspecified</pose>
		<truncated>0</truncated>
		<difficult>0</difficult>
		<occluded>0</occluded>
		<bndbox>
			<xmin>163</xmin>
			<xmax>590</xmax>
			<ymin>11</ymin>
			<ymax>291</ymax>
		</bndbox>
	</object>
</annotation>
