<annotation>
	<folder></folder>
	<filename>hijab-1122_jpg.rf.ab9003eb850a2c1e577f5c17d865934a.jpg</filename>
	<path>hijab-1122_jpg.rf.ab9003eb850a2c1e577f5c17d865934a.jpg</path>
	<source>
		<database>roboflow.ai</database>
	</source>
	<size>
		<width>640</width>
		<height>640</height>
		<depth>3</depth>
	</size>
	<segmented>0</segmented>
	<object>
		<name>head</name>
		<pose>Unspecified</pose>
		<truncated>0</truncated>
		<difficult>0</difficult>
		<occluded>0</occluded>
		<bndbox>
			<xmin>124</xmin>
			<xmax>478</xmax>
			<ymin>26</ymin>
			<ymax>274</ymax>
		</bndbox>
	</object>
</annotation>
