<annotation>
	<folder></folder>
	<filename>hijab-1662_jpg.rf.5e6abf26e18b742b77cc4962bbe824e6.jpg</filename>
	<path>hijab-1662_jpg.rf.5e6abf26e18b742b77cc4962bbe824e6.jpg</path>
	<source>
		<database>roboflow.ai</database>
	</source>
	<size>
		<width>640</width>
		<height>640</height>
		<depth>3</depth>
	</size>
	<segmented>0</segmented>
	<object>
		<name>head</name>
		<pose>Unspecified</pose>
		<truncated>0</truncated>
		<difficult>0</difficult>
		<occluded>0</occluded>
		<bndbox>
			<xmin>189</xmin>
			<xmax>590</xmax>
			<ymin>1</ymin>
			<ymax>290</ymax>
		</bndbox>
	</object>
</annotation>
