<annotation>
	<folder></folder>
	<filename>hijab-2969_jpg.rf.5ced111a376e1106613b243e8cb4132a.jpg</filename>
	<path>hijab-2969_jpg.rf.5ced111a376e1106613b243e8cb4132a.jpg</path>
	<source>
		<database>roboflow.ai</database>
	</source>
	<size>
		<width>640</width>
		<height>640</height>
		<depth>3</depth>
	</size>
	<segmented>0</segmented>
	<object>
		<name>head</name>
		<pose>Unspecified</pose>
		<truncated>0</truncated>
		<difficult>0</difficult>
		<occluded>0</occluded>
		<bndbox>
			<xmin>157</xmin>
			<xmax>512</xmax>
			<ymin>17</ymin>
			<ymax>298</ymax>
		</bndbox>
	</object>
</annotation>
