<annotation>
	<folder></folder>
	<filename>hijab-2043_jpg.rf.fdaecb866cbccea685b3afccc2fe1c97.jpg</filename>
	<path>hijab-2043_jpg.rf.fdaecb866cbccea685b3afccc2fe1c97.jpg</path>
	<source>
		<database>roboflow.ai</database>
	</source>
	<size>
		<width>640</width>
		<height>640</height>
		<depth>3</depth>
	</size>
	<segmented>0</segmented>
	<object>
		<name>head</name>
		<pose>Unspecified</pose>
		<truncated>0</truncated>
		<difficult>0</difficult>
		<occluded>0</occluded>
		<bndbox>
			<xmin>170</xmin>
			<xmax>562</xmax>
			<ymin>37</ymin>
			<ymax>306</ymax>
		</bndbox>
	</object>
</annotation>
