<annotation>
	<folder></folder>
	<filename>hijab-0933_jpg.rf.a674839d8dbc0313bb54fa32b57bdaa3.jpg</filename>
	<path>hijab-0933_jpg.rf.a674839d8dbc0313bb54fa32b57bdaa3.jpg</path>
	<source>
		<database>roboflow.ai</database>
	</source>
	<size>
		<width>640</width>
		<height>640</height>
		<depth>3</depth>
	</size>
	<segmented>0</segmented>
	<object>
		<name>head</name>
		<pose>Unspecified</pose>
		<truncated>0</truncated>
		<difficult>0</difficult>
		<occluded>0</occluded>
		<bndbox>
			<xmin>176</xmin>
			<xmax>513</xmax>
			<ymin>26</ymin>
			<ymax>286</ymax>
		</bndbox>
	</object>
</annotation>
