<annotation>
	<folder></folder>
	<filename>hijab-1101_jpg.rf.e235bdb4790b6b50cf6ff856ecf8a56a.jpg</filename>
	<path>hijab-1101_jpg.rf.e235bdb4790b6b50cf6ff856ecf8a56a.jpg</path>
	<source>
		<database>roboflow.ai</database>
	</source>
	<size>
		<width>640</width>
		<height>640</height>
		<depth>3</depth>
	</size>
	<segmented>0</segmented>
	<object>
		<name>head</name>
		<pose>Unspecified</pose>
		<truncated>0</truncated>
		<difficult>0</difficult>
		<occluded>0</occluded>
		<bndbox>
			<xmin>95</xmin>
			<xmax>484</xmax>
			<ymin>41</ymin>
			<ymax>299</ymax>
		</bndbox>
	</object>
</annotation>
