<annotation>
	<folder></folder>
	<filename>hijab-1515_jpg.rf.784a442bda44b81fd1b30bb394970aa2.jpg</filename>
	<path>hijab-1515_jpg.rf.784a442bda44b81fd1b30bb394970aa2.jpg</path>
	<source>
		<database>roboflow.ai</database>
	</source>
	<size>
		<width>640</width>
		<height>640</height>
		<depth>3</depth>
	</size>
	<segmented>0</segmented>
	<object>
		<name>head</name>
		<pose>Unspecified</pose>
		<truncated>0</truncated>
		<difficult>0</difficult>
		<occluded>0</occluded>
		<bndbox>
			<xmin>9</xmin>
			<xmax>455</xmax>
			<ymin>29</ymin>
			<ymax>284</ymax>
		</bndbox>
	</object>
</annotation>
