<annotation>
	<folder></folder>
	<filename>hijab-0320_jpg.rf.9010511a46126bff46c1490529bd59d3.jpg</filename>
	<path>hijab-0320_jpg.rf.9010511a46126bff46c1490529bd59d3.jpg</path>
	<source>
		<database>roboflow.ai</database>
	</source>
	<size>
		<width>640</width>
		<height>640</height>
		<depth>3</depth>
	</size>
	<segmented>0</segmented>
	<object>
		<name>head</name>
		<pose>Unspecified</pose>
		<truncated>0</truncated>
		<difficult>0</difficult>
		<occluded>0</occluded>
		<bndbox>
			<xmin>176</xmin>
			<xmax>475</xmax>
			<ymin>7</ymin>
			<ymax>260</ymax>
		</bndbox>
	</object>
</annotation>
