<annotation>
	<folder></folder>
	<filename>hijab-2616_jpg.rf.9419bffd3055130d931f13f4e82e2160.jpg</filename>
	<path>hijab-2616_jpg.rf.9419bffd3055130d931f13f4e82e2160.jpg</path>
	<source>
		<database>roboflow.ai</database>
	</source>
	<size>
		<width>640</width>
		<height>640</height>
		<depth>3</depth>
	</size>
	<segmented>0</segmented>
	<object>
		<name>head</name>
		<pose>Unspecified</pose>
		<truncated>0</truncated>
		<difficult>0</difficult>
		<occluded>0</occluded>
		<bndbox>
			<xmin>71</xmin>
			<xmax>455</xmax>
			<ymin>39</ymin>
			<ymax>299</ymax>
		</bndbox>
	</object>
</annotation>
