<annotation>
	<folder></folder>
	<filename>hijab-2232_jpg.rf.2365d404f405cdc42b360a8af12f7632.jpg</filename>
	<path>hijab-2232_jpg.rf.2365d404f405cdc42b360a8af12f7632.jpg</path>
	<source>
		<database>roboflow.ai</database>
	</source>
	<size>
		<width>640</width>
		<height>640</height>
		<depth>3</depth>
	</size>
	<segmented>0</segmented>
	<object>
		<name>head</name>
		<pose>Unspecified</pose>
		<truncated>0</truncated>
		<difficult>0</difficult>
		<occluded>0</occluded>
		<bndbox>
			<xmin>170</xmin>
			<xmax>493</xmax>
			<ymin>33</ymin>
			<ymax>284</ymax>
		</bndbox>
	</object>
</annotation>
