<annotation>
	<folder></folder>
	<filename>hijab-2990_jpg.rf.6376c58fee59a13c71f1856631c71b79.jpg</filename>
	<path>hijab-2990_jpg.rf.6376c58fee59a13c71f1856631c71b79.jpg</path>
	<source>
		<database>roboflow.ai</database>
	</source>
	<size>
		<width>640</width>
		<height>640</height>
		<depth>3</depth>
	</size>
	<segmented>0</segmented>
	<object>
		<name>head</name>
		<pose>Unspecified</pose>
		<truncated>0</truncated>
		<difficult>0</difficult>
		<occluded>0</occluded>
		<bndbox>
			<xmin>150</xmin>
			<xmax>534</xmax>
			<ymin>44</ymin>
			<ymax>323</ymax>
		</bndbox>
	</object>
</annotation>
