<annotation>
	<folder></folder>
	<filename>hijab-0396_jpg.rf.f5261a445232b750e36509472b026cf7.jpg</filename>
	<path>hijab-0396_jpg.rf.f5261a445232b750e36509472b026cf7.jpg</path>
	<source>
		<database>roboflow.ai</database>
	</source>
	<size>
		<width>640</width>
		<height>640</height>
		<depth>3</depth>
	</size>
	<segmented>0</segmented>
	<object>
		<name>head</name>
		<pose>Unspecified</pose>
		<truncated>0</truncated>
		<difficult>0</difficult>
		<occluded>0</occluded>
		<bndbox>
			<xmin>157</xmin>
			<xmax>484</xmax>
			<ymin>31</ymin>
			<ymax>284</ymax>
		</bndbox>
	</object>
</annotation>
