<annotation>
	<folder></folder>
	<filename>hijab-3102_jpg.rf.0a5d90a7bc48559d43cfe548136d344f.jpg</filename>
	<path>hijab-3102_jpg.rf.0a5d90a7bc48559d43cfe548136d344f.jpg</path>
	<source>
		<database>roboflow.ai</database>
	</source>
	<size>
		<width>640</width>
		<height>640</height>
		<depth>3</depth>
	</size>
	<segmented>0</segmented>
	<object>
		<name>head</name>
		<pose>Unspecified</pose>
		<truncated>0</truncated>
		<difficult>0</difficult>
		<occluded>0</occluded>
		<bndbox>
			<xmin>124</xmin>
			<xmax>494</xmax>
			<ymin>33</ymin>
			<ymax>308</ymax>
		</bndbox>
	</object>
</annotation>
