<annotation>
	<folder></folder>
	<filename>hijab-0363_jpg.rf.1c3e9fda19c680094b4ae70b1e770874.jpg</filename>
	<path>hijab-0363_jpg.rf.1c3e9fda19c680094b4ae70b1e770874.jpg</path>
	<source>
		<database>roboflow.ai</database>
	</source>
	<size>
		<width>640</width>
		<height>640</height>
		<depth>3</depth>
	</size>
	<segmented>0</segmented>
	<object>
		<name>head</name>
		<pose>Unspecified</pose>
		<truncated>0</truncated>
		<difficult>0</difficult>
		<occluded>0</occluded>
		<bndbox>
			<xmin>143</xmin>
			<xmax>503</xmax>
			<ymin>22</ymin>
			<ymax>298</ymax>
		</bndbox>
	</object>
</annotation>
