<annotation>
	<folder></folder>
	<filename>hijab-1173_jpg.rf.99ce56dd1e73f57ed3a2a140ba7dcc04.jpg</filename>
	<path>hijab-1173_jpg.rf.99ce56dd1e73f57ed3a2a140ba7dcc04.jpg</path>
	<source>
		<database>roboflow.ai</database>
	</source>
	<size>
		<width>640</width>
		<height>640</height>
		<depth>3</depth>
	</size>
	<segmented>0</segmented>
	<object>
		<name>head</name>
		<pose>Unspecified</pose>
		<truncated>0</truncated>
		<difficult>0</difficult>
		<occluded>0</occluded>
		<bndbox>
			<xmin>102</xmin>
			<xmax>505</xmax>
			<ymin>22</ymin>
			<ymax>305</ymax>
		</bndbox>
	</object>
</annotation>
