<annotation>
	<folder></folder>
	<filename>hijab-2242_jpg.rf.10f71f1650bf23bb314ba6855395c3c1.jpg</filename>
	<path>hijab-2242_jpg.rf.10f71f1650bf23bb314ba6855395c3c1.jpg</path>
	<source>
		<database>roboflow.ai</database>
	</source>
	<size>
		<width>640</width>
		<height>640</height>
		<depth>3</depth>
	</size>
	<segmented>0</segmented>
	<object>
		<name>head</name>
		<pose>Unspecified</pose>
		<truncated>0</truncated>
		<difficult>0</difficult>
		<occluded>0</occluded>
		<bndbox>
			<xmin>85</xmin>
			<xmax>479</xmax>
			<ymin>27</ymin>
			<ymax>305</ymax>
		</bndbox>
	</object>
</annotation>
