<annotation>
	<folder></folder>
	<filename>hijab-2576_jpg.rf.027635ad9948844187dfd759d65fd0e6.jpg</filename>
	<path>hijab-2576_jpg.rf.027635ad9948844187dfd759d65fd0e6.jpg</path>
	<source>
		<database>roboflow.ai</database>
	</source>
	<size>
		<width>640</width>
		<height>640</height>
		<depth>3</depth>
	</size>
	<segmented>0</segmented>
	<object>
		<name>head</name>
		<pose>Unspecified</pose>
		<truncated>0</truncated>
		<difficult>0</difficult>
		<occluded>0</occluded>
		<bndbox>
			<xmin>175</xmin>
			<xmax>514</xmax>
			<ymin>19</ymin>
			<ymax>305</ymax>
		</bndbox>
	</object>
</annotation>
