<annotation>
	<folder></folder>
	<filename>hijab-1678_jpg.rf.89558d46d6af7ec669407a8499abc2b2.jpg</filename>
	<path>hijab-1678_jpg.rf.89558d46d6af7ec669407a8499abc2b2.jpg</path>
	<source>
		<database>roboflow.ai</database>
	</source>
	<size>
		<width>640</width>
		<height>640</height>
		<depth>3</depth>
	</size>
	<segmented>0</segmented>
	<object>
		<name>head</name>
		<pose>Unspecified</pose>
		<truncated>0</truncated>
		<difficult>0</difficult>
		<occluded>0</occluded>
		<bndbox>
			<xmin>187</xmin>
			<xmax>641</xmax>
			<ymin>1</ymin>
			<ymax>294</ymax>
		</bndbox>
	</object>
</annotation>
