<annotation>
	<folder></folder>
	<filename>hijab-2632_jpg.rf.4de8593aaf33de81e2cf6bb0e39e215c.jpg</filename>
	<path>hijab-2632_jpg.rf.4de8593aaf33de81e2cf6bb0e39e215c.jpg</path>
	<source>
		<database>roboflow.ai</database>
	</source>
	<size>
		<width>640</width>
		<height>640</height>
		<depth>3</depth>
	</size>
	<segmented>0</segmented>
	<object>
		<name>head</name>
		<pose>Unspecified</pose>
		<truncated>0</truncated>
		<difficult>0</difficult>
		<occluded>0</occluded>
		<bndbox>
			<xmin>97</xmin>
			<xmax>481</xmax>
			<ymin>26</ymin>
			<ymax>299</ymax>
		</bndbox>
	</object>
</annotation>
