<annotation>
	<folder></folder>
	<filename>hijab-2228_jpg.rf.134acd574d3e3cdd3c3141671da93e31.jpg</filename>
	<path>hijab-2228_jpg.rf.134acd574d3e3cdd3c3141671da93e31.jpg</path>
	<source>
		<database>roboflow.ai</database>
	</source>
	<size>
		<width>640</width>
		<height>640</height>
		<depth>3</depth>
	</size>
	<segmented>0</segmented>
	<object>
		<name>head</name>
		<pose>Unspecified</pose>
		<truncated>0</truncated>
		<difficult>0</difficult>
		<occluded>0</occluded>
		<bndbox>
			<xmin>103</xmin>
			<xmax>475</xmax>
			<ymin>25</ymin>
			<ymax>286</ymax>
		</bndbox>
	</object>
</annotation>
