<annotation>
	<folder></folder>
	<filename>hijab-1520_jpg.rf.581d1b0c5699bf94e2b06bcfcf607b94.jpg</filename>
	<path>hijab-1520_jpg.rf.581d1b0c5699bf94e2b06bcfcf607b94.jpg</path>
	<source>
		<database>roboflow.ai</database>
	</source>
	<size>
		<width>640</width>
		<height>640</height>
		<depth>3</depth>
	</size>
	<segmented>0</segmented>
	<object>
		<name>head</name>
		<pose>Unspecified</pose>
		<truncated>0</truncated>
		<difficult>0</difficult>
		<occluded>0</occluded>
		<bndbox>
			<xmin>165</xmin>
			<xmax>485</xmax>
			<ymin>14</ymin>
			<ymax>285</ymax>
		</bndbox>
	</object>
</annotation>
