<annotation>
	<folder></folder>
	<filename>hijab-0120_jpg.rf.7249a5155139bded86984dce9da97505.jpg</filename>
	<path>hijab-0120_jpg.rf.7249a5155139bded86984dce9da97505.jpg</path>
	<source>
		<database>roboflow.ai</database>
	</source>
	<size>
		<width>640</width>
		<height>640</height>
		<depth>3</depth>
	</size>
	<segmented>0</segmented>
	<object>
		<name>head</name>
		<pose>Unspecified</pose>
		<truncated>0</truncated>
		<difficult>0</difficult>
		<occluded>0</occluded>
		<bndbox>
			<xmin>164</xmin>
			<xmax>568</xmax>
			<ymin>17</ymin>
			<ymax>276</ymax>
		</bndbox>
	</object>
</annotation>
