<annotation>
	<folder></folder>
	<filename>hijab-1415_jpg.rf.8022536c4d5e4dabfccdf8592bcf8fc5.jpg</filename>
	<path>hijab-1415_jpg.rf.8022536c4d5e4dabfccdf8592bcf8fc5.jpg</path>
	<source>
		<database>roboflow.ai</database>
	</source>
	<size>
		<width>640</width>
		<height>640</height>
		<depth>3</depth>
	</size>
	<segmented>0</segmented>
	<object>
		<name>head</name>
		<pose>Unspecified</pose>
		<truncated>0</truncated>
		<difficult>0</difficult>
		<occluded>0</occluded>
		<bndbox>
			<xmin>215</xmin>
			<xmax>615</xmax>
			<ymin>5</ymin>
			<ymax>260</ymax>
		</bndbox>
	</object>
</annotation>
