<annotation>
	<folder></folder>
	<filename>hijab-0378_jpg.rf.b14d79c4e2ed70819c3f76eab184d889.jpg</filename>
	<path>hijab-0378_jpg.rf.b14d79c4e2ed70819c3f76eab184d889.jpg</path>
	<source>
		<database>roboflow.ai</database>
	</source>
	<size>
		<width>640</width>
		<height>640</height>
		<depth>3</depth>
	</size>
	<segmented>0</segmented>
	<object>
		<name>head</name>
		<pose>Unspecified</pose>
		<truncated>0</truncated>
		<difficult>0</difficult>
		<occluded>0</occluded>
		<bndbox>
			<xmin>178</xmin>
			<xmax>521</xmax>
			<ymin>9</ymin>
			<ymax>284</ymax>
		</bndbox>
	</object>
</annotation>
