<annotation>
	<folder></folder>
	<filename>hijab-0499_jpg.rf.c99d037f7043eb4662adaa8d5edb9646.jpg</filename>
	<path>hijab-0499_jpg.rf.c99d037f7043eb4662adaa8d5edb9646.jpg</path>
	<source>
		<database>roboflow.ai</database>
	</source>
	<size>
		<width>640</width>
		<height>640</height>
		<depth>3</depth>
	</size>
	<segmented>0</segmented>
	<object>
		<name>head</name>
		<pose>Unspecified</pose>
		<truncated>0</truncated>
		<difficult>0</difficult>
		<occluded>0</occluded>
		<bndbox>
			<xmin>192</xmin>
			<xmax>577</xmax>
			<ymin>24</ymin>
			<ymax>303</ymax>
		</bndbox>
	</object>
</annotation>
