<annotation>
	<folder></folder>
	<filename>hijab-0118_jpg.rf.320779fb3e5f33d66c1d272829d5fa26.jpg</filename>
	<path>hijab-0118_jpg.rf.320779fb3e5f33d66c1d272829d5fa26.jpg</path>
	<source>
		<database>roboflow.ai</database>
	</source>
	<size>
		<width>640</width>
		<height>640</height>
		<depth>3</depth>
	</size>
	<segmented>0</segmented>
	<object>
		<name>head</name>
		<pose>Unspecified</pose>
		<truncated>0</truncated>
		<difficult>0</difficult>
		<occluded>0</occluded>
		<bndbox>
			<xmin>154</xmin>
			<xmax>472</xmax>
			<ymin>5</ymin>
			<ymax>267</ymax>
		</bndbox>
	</object>
</annotation>
