<annotation>
	<folder></folder>
	<filename>hijab-2789_jpg.rf.ae17da2d9761bb45f82b0b79746917c4.jpg</filename>
	<path>hijab-2789_jpg.rf.ae17da2d9761bb45f82b0b79746917c4.jpg</path>
	<source>
		<database>roboflow.ai</database>
	</source>
	<size>
		<width>640</width>
		<height>640</height>
		<depth>3</depth>
	</size>
	<segmented>0</segmented>
	<object>
		<name>head</name>
		<pose>Unspecified</pose>
		<truncated>0</truncated>
		<difficult>0</difficult>
		<occluded>0</occluded>
		<bndbox>
			<xmin>101</xmin>
			<xmax>456</xmax>
			<ymin>31</ymin>
			<ymax>302</ymax>
		</bndbox>
	</object>
</annotation>
