<annotation>
	<folder></folder>
	<filename>hijab-1038_jpg.rf.824f8a5e9262afbda8cde7686efad378.jpg</filename>
	<path>hijab-1038_jpg.rf.824f8a5e9262afbda8cde7686efad378.jpg</path>
	<source>
		<database>roboflow.ai</database>
	</source>
	<size>
		<width>640</width>
		<height>640</height>
		<depth>3</depth>
	</size>
	<segmented>0</segmented>
	<object>
		<name>head</name>
		<pose>Unspecified</pose>
		<truncated>0</truncated>
		<difficult>0</difficult>
		<occluded>0</occluded>
		<bndbox>
			<xmin>159</xmin>
			<xmax>523</xmax>
			<ymin>30</ymin>
			<ymax>284</ymax>
		</bndbox>
	</object>
</annotation>
