<annotation>
	<folder></folder>
	<filename>hijab-0184_jpg.rf.fd468969e0c26adb01a8e2eabfe40698.jpg</filename>
	<path>hijab-0184_jpg.rf.fd468969e0c26adb01a8e2eabfe40698.jpg</path>
	<source>
		<database>roboflow.ai</database>
	</source>
	<size>
		<width>640</width>
		<height>640</height>
		<depth>3</depth>
	</size>
	<segmented>0</segmented>
	<object>
		<name>head</name>
		<pose>Unspecified</pose>
		<truncated>0</truncated>
		<difficult>0</difficult>
		<occluded>0</occluded>
		<bndbox>
			<xmin>168</xmin>
			<xmax>514</xmax>
			<ymin>21</ymin>
			<ymax>284</ymax>
		</bndbox>
	</object>
</annotation>
