<annotation>
	<folder></folder>
	<filename>hijab-2965_jpg.rf.d0de610089db3e8d797d04b35ed7cb47.jpg</filename>
	<path>hijab-2965_jpg.rf.d0de610089db3e8d797d04b35ed7cb47.jpg</path>
	<source>
		<database>roboflow.ai</database>
	</source>
	<size>
		<width>640</width>
		<height>640</height>
		<depth>3</depth>
	</size>
	<segmented>0</segmented>
	<object>
		<name>head</name>
		<pose>Unspecified</pose>
		<truncated>0</truncated>
		<difficult>0</difficult>
		<occluded>0</occluded>
		<bndbox>
			<xmin>215</xmin>
			<xmax>511</xmax>
			<ymin>36</ymin>
			<ymax>293</ymax>
		</bndbox>
	</object>
</annotation>
