<annotation>
	<folder></folder>
	<filename>hijab-2968_jpg.rf.2c86aa90be4e3f7ecd2b43579f1039a1.jpg</filename>
	<path>hijab-2968_jpg.rf.2c86aa90be4e3f7ecd2b43579f1039a1.jpg</path>
	<source>
		<database>roboflow.ai</database>
	</source>
	<size>
		<width>640</width>
		<height>640</height>
		<depth>3</depth>
	</size>
	<segmented>0</segmented>
	<object>
		<name>head</name>
		<pose>Unspecified</pose>
		<truncated>0</truncated>
		<difficult>0</difficult>
		<occluded>0</occluded>
		<bndbox>
			<xmin>129</xmin>
			<xmax>460</xmax>
			<ymin>13</ymin>
			<ymax>288</ymax>
		</bndbox>
	</object>
</annotation>
