<annotation>
	<folder></folder>
	<filename>hijab-0085_jpg.rf.26b0143177145eca69f672412834b9db.jpg</filename>
	<path>hijab-0085_jpg.rf.26b0143177145eca69f672412834b9db.jpg</path>
	<source>
		<database>roboflow.ai</database>
	</source>
	<size>
		<width>640</width>
		<height>640</height>
		<depth>3</depth>
	</size>
	<segmented>0</segmented>
	<object>
		<name>head</name>
		<pose>Unspecified</pose>
		<truncated>0</truncated>
		<difficult>0</difficult>
		<occluded>0</occluded>
		<bndbox>
			<xmin>148</xmin>
			<xmax>523</xmax>
			<ymin>21</ymin>
			<ymax>305</ymax>
		</bndbox>
	</object>
</annotation>
