<annotation>
	<folder></folder>
	<filename>hijab-2421_jpg.rf.0e57ec112258b882e21d4aee66345b42.jpg</filename>
	<path>hijab-2421_jpg.rf.0e57ec112258b882e21d4aee66345b42.jpg</path>
	<source>
		<database>roboflow.ai</database>
	</source>
	<size>
		<width>640</width>
		<height>640</height>
		<depth>3</depth>
	</size>
	<segmented>0</segmented>
	<object>
		<name>head</name>
		<pose>Unspecified</pose>
		<truncated>0</truncated>
		<difficult>0</difficult>
		<occluded>0</occluded>
		<bndbox>
			<xmin>120</xmin>
			<xmax>506</xmax>
			<ymin>46</ymin>
			<ymax>288</ymax>
		</bndbox>
	</object>
</annotation>
