<annotation>
	<folder></folder>
	<filename>hijab-0306_jpg.rf.fb307900e4e03816b8ec418c9388c96a.jpg</filename>
	<path>hijab-0306_jpg.rf.fb307900e4e03816b8ec418c9388c96a.jpg</path>
	<source>
		<database>roboflow.ai</database>
	</source>
	<size>
		<width>640</width>
		<height>640</height>
		<depth>3</depth>
	</size>
	<segmented>0</segmented>
	<object>
		<name>head</name>
		<pose>Unspecified</pose>
		<truncated>0</truncated>
		<difficult>0</difficult>
		<occluded>0</occluded>
		<bndbox>
			<xmin>145</xmin>
			<xmax>514</xmax>
			<ymin>29</ymin>
			<ymax>300</ymax>
		</bndbox>
	</object>
</annotation>
