<annotation>
	<folder></folder>
	<filename>hijab-1766_jpg.rf.a30efe2d74030555430b951c871b7844.jpg</filename>
	<path>hijab-1766_jpg.rf.a30efe2d74030555430b951c871b7844.jpg</path>
	<source>
		<database>roboflow.ai</database>
	</source>
	<size>
		<width>640</width>
		<height>640</height>
		<depth>3</depth>
	</size>
	<segmented>0</segmented>
	<object>
		<name>head</name>
		<pose>Unspecified</pose>
		<truncated>0</truncated>
		<difficult>0</difficult>
		<occluded>0</occluded>
		<bndbox>
			<xmin>106</xmin>
			<xmax>448</xmax>
			<ymin>26</ymin>
			<ymax>284</ymax>
		</bndbox>
	</object>
</annotation>
