<annotation>
	<folder></folder>
	<filename>hijab-1192_jpg.rf.6b5078cd1f92ac1055d9fac166f42f89.jpg</filename>
	<path>hijab-1192_jpg.rf.6b5078cd1f92ac1055d9fac166f42f89.jpg</path>
	<source>
		<database>roboflow.ai</database>
	</source>
	<size>
		<width>640</width>
		<height>640</height>
		<depth>3</depth>
	</size>
	<segmented>0</segmented>
	<object>
		<name>head</name>
		<pose>Unspecified</pose>
		<truncated>0</truncated>
		<difficult>0</difficult>
		<occluded>0</occluded>
		<bndbox>
			<xmin>157</xmin>
			<xmax>509</xmax>
			<ymin>40</ymin>
			<ymax>289</ymax>
		</bndbox>
	</object>
</annotation>
