<annotation>
	<folder></folder>
	<filename>hijab-1846_jpg.rf.6499387229a3ed5187231cd5ec8bf01c.jpg</filename>
	<path>hijab-1846_jpg.rf.6499387229a3ed5187231cd5ec8bf01c.jpg</path>
	<source>
		<database>roboflow.ai</database>
	</source>
	<size>
		<width>640</width>
		<height>640</height>
		<depth>3</depth>
	</size>
	<segmented>0</segmented>
	<object>
		<name>head</name>
		<pose>Unspecified</pose>
		<truncated>0</truncated>
		<difficult>0</difficult>
		<occluded>0</occluded>
		<bndbox>
			<xmin>207</xmin>
			<xmax>621</xmax>
			<ymin>17</ymin>
			<ymax>303</ymax>
		</bndbox>
	</object>
</annotation>
