<annotation>
	<folder></folder>
	<filename>hijab-3058_jpg.rf.9b04c9da27969aca68c94cf36f7b3698.jpg</filename>
	<path>hijab-3058_jpg.rf.9b04c9da27969aca68c94cf36f7b3698.jpg</path>
	<source>
		<database>roboflow.ai</database>
	</source>
	<size>
		<width>640</width>
		<height>640</height>
		<depth>3</depth>
	</size>
	<segmented>0</segmented>
	<object>
		<name>head</name>
		<pose>Unspecified</pose>
		<truncated>0</truncated>
		<difficult>0</difficult>
		<occluded>0</occluded>
		<bndbox>
			<xmin>194</xmin>
			<xmax>548</xmax>
			<ymin>52</ymin>
			<ymax>306</ymax>
		</bndbox>
	</object>
</annotation>
