<annotation>
	<folder></folder>
	<filename>hijab-1234_jpg.rf.378333bf30ecb4dc9d4accd18564a8e7.jpg</filename>
	<path>hijab-1234_jpg.rf.378333bf30ecb4dc9d4accd18564a8e7.jpg</path>
	<source>
		<database>roboflow.ai</database>
	</source>
	<size>
		<width>640</width>
		<height>640</height>
		<depth>3</depth>
	</size>
	<segmented>0</segmented>
	<object>
		<name>head</name>
		<pose>Unspecified</pose>
		<truncated>0</truncated>
		<difficult>0</difficult>
		<occluded>0</occluded>
		<bndbox>
			<xmin>168</xmin>
			<xmax>504</xmax>
			<ymin>28</ymin>
			<ymax>286</ymax>
		</bndbox>
	</object>
</annotation>
