<annotation>
	<folder></folder>
	<filename>hijab-2306_jpg.rf.482c9e59b77f79e049e5f5651de36758.jpg</filename>
	<path>hijab-2306_jpg.rf.482c9e59b77f79e049e5f5651de36758.jpg</path>
	<source>
		<database>roboflow.ai</database>
	</source>
	<size>
		<width>640</width>
		<height>640</height>
		<depth>3</depth>
	</size>
	<segmented>0</segmented>
	<object>
		<name>head</name>
		<pose>Unspecified</pose>
		<truncated>0</truncated>
		<difficult>0</difficult>
		<occluded>0</occluded>
		<bndbox>
			<xmin>8</xmin>
			<xmax>428</xmax>
			<ymin>13</ymin>
			<ymax>361</ymax>
		</bndbox>
	</object>
</annotation>
