<annotation>
	<folder></folder>
	<filename>hijab-1484_jpg.rf.3ed63c6f5a0eef1f32d2a868c5536232.jpg</filename>
	<path>hijab-1484_jpg.rf.3ed63c6f5a0eef1f32d2a868c5536232.jpg</path>
	<source>
		<database>roboflow.ai</database>
	</source>
	<size>
		<width>640</width>
		<height>640</height>
		<depth>3</depth>
	</size>
	<segmented>0</segmented>
	<object>
		<name>head</name>
		<pose>Unspecified</pose>
		<truncated>0</truncated>
		<difficult>0</difficult>
		<occluded>0</occluded>
		<bndbox>
			<xmin>191</xmin>
			<xmax>615</xmax>
			<ymin>15</ymin>
			<ymax>284</ymax>
		</bndbox>
	</object>
</annotation>
