<annotation>
	<folder></folder>
	<filename>hijab-1212_jpg.rf.d2cdbc99f72a7c0d3a373be98266b62b.jpg</filename>
	<path>hijab-1212_jpg.rf.d2cdbc99f72a7c0d3a373be98266b62b.jpg</path>
	<source>
		<database>roboflow.ai</database>
	</source>
	<size>
		<width>640</width>
		<height>640</height>
		<depth>3</depth>
	</size>
	<segmented>0</segmented>
	<object>
		<name>head</name>
		<pose>Unspecified</pose>
		<truncated>0</truncated>
		<difficult>0</difficult>
		<occluded>0</occluded>
		<bndbox>
			<xmin>154</xmin>
			<xmax>477</xmax>
			<ymin>38</ymin>
			<ymax>288</ymax>
		</bndbox>
	</object>
</annotation>
