<annotation>
	<folder></folder>
	<filename>hijab-2777_jpg.rf.a25c4b8a60d7e1f1eecbe8db9afe9301.jpg</filename>
	<path>hijab-2777_jpg.rf.a25c4b8a60d7e1f1eecbe8db9afe9301.jpg</path>
	<source>
		<database>roboflow.ai</database>
	</source>
	<size>
		<width>640</width>
		<height>640</height>
		<depth>3</depth>
	</size>
	<segmented>0</segmented>
	<object>
		<name>head</name>
		<pose>Unspecified</pose>
		<truncated>0</truncated>
		<difficult>0</difficult>
		<occluded>0</occluded>
		<bndbox>
			<xmin>167</xmin>
			<xmax>479</xmax>
			<ymin>30</ymin>
			<ymax>298</ymax>
		</bndbox>
	</object>
</annotation>
