<annotation>
	<folder></folder>
	<filename>hijab-0068_jpg.rf.be4f435600a275488193741fbac8ccb5.jpg</filename>
	<path>hijab-0068_jpg.rf.be4f435600a275488193741fbac8ccb5.jpg</path>
	<source>
		<database>roboflow.ai</database>
	</source>
	<size>
		<width>640</width>
		<height>640</height>
		<depth>3</depth>
	</size>
	<segmented>0</segmented>
	<object>
		<name>head</name>
		<pose>Unspecified</pose>
		<truncated>0</truncated>
		<difficult>0</difficult>
		<occluded>0</occluded>
		<bndbox>
			<xmin>178</xmin>
			<xmax>509</xmax>
			<ymin>4</ymin>
			<ymax>255</ymax>
		</bndbox>
	</object>
</annotation>
