<annotation>
	<folder></folder>
	<filename>hijab-1531_jpg.rf.3d9ae0d4e78efee2bb63c48d3d0c9e9d.jpg</filename>
	<path>hijab-1531_jpg.rf.3d9ae0d4e78efee2bb63c48d3d0c9e9d.jpg</path>
	<source>
		<database>roboflow.ai</database>
	</source>
	<size>
		<width>640</width>
		<height>640</height>
		<depth>3</depth>
	</size>
	<segmented>0</segmented>
	<object>
		<name>head</name>
		<pose>Unspecified</pose>
		<truncated>0</truncated>
		<difficult>0</difficult>
		<occluded>0</occluded>
		<bndbox>
			<xmin>212</xmin>
			<xmax>633</xmax>
			<ymin>23</ymin>
			<ymax>296</ymax>
		</bndbox>
	</object>
</annotation>
