<annotation>
	<folder></folder>
	<filename>hijab-2552_jpg.rf.8a21e328b7bf2329070a0cca3ab123e8.jpg</filename>
	<path>hijab-2552_jpg.rf.8a21e328b7bf2329070a0cca3ab123e8.jpg</path>
	<source>
		<database>roboflow.ai</database>
	</source>
	<size>
		<width>640</width>
		<height>640</height>
		<depth>3</depth>
	</size>
	<segmented>0</segmented>
	<object>
		<name>head</name>
		<pose>Unspecified</pose>
		<truncated>0</truncated>
		<difficult>0</difficult>
		<occluded>0</occluded>
		<bndbox>
			<xmin>146</xmin>
			<xmax>486</xmax>
			<ymin>8</ymin>
			<ymax>265</ymax>
		</bndbox>
	</object>
</annotation>
