<annotation>
	<folder></folder>
	<filename>hijab-2773_jpg.rf.987a48262747acbec455b99318e5f760.jpg</filename>
	<path>hijab-2773_jpg.rf.987a48262747acbec455b99318e5f760.jpg</path>
	<source>
		<database>roboflow.ai</database>
	</source>
	<size>
		<width>640</width>
		<height>640</height>
		<depth>3</depth>
	</size>
	<segmented>0</segmented>
	<object>
		<name>head</name>
		<pose>Unspecified</pose>
		<truncated>0</truncated>
		<difficult>0</difficult>
		<occluded>0</occluded>
		<bndbox>
			<xmin>153</xmin>
			<xmax>514</xmax>
			<ymin>48</ymin>
			<ymax>292</ymax>
		</bndbox>
	</object>
</annotation>
