<annotation>
	<folder></folder>
	<filename>hijab-1232_jpg.rf.cb25d4c5c610b790254f4bfc886fe971.jpg</filename>
	<path>hijab-1232_jpg.rf.cb25d4c5c610b790254f4bfc886fe971.jpg</path>
	<source>
		<database>roboflow.ai</database>
	</source>
	<size>
		<width>640</width>
		<height>640</height>
		<depth>3</depth>
	</size>
	<segmented>0</segmented>
	<object>
		<name>head</name>
		<pose>Unspecified</pose>
		<truncated>0</truncated>
		<difficult>0</difficult>
		<occluded>0</occluded>
		<bndbox>
			<xmin>102</xmin>
			<xmax>460</xmax>
			<ymin>16</ymin>
			<ymax>296</ymax>
		</bndbox>
	</object>
</annotation>
