<annotation>
	<folder></folder>
	<filename>hijab-1867_jpg.rf.8435e58c6f6b2a1e69b3871ba0cebd75.jpg</filename>
	<path>hijab-1867_jpg.rf.8435e58c6f6b2a1e69b3871ba0cebd75.jpg</path>
	<source>
		<database>roboflow.ai</database>
	</source>
	<size>
		<width>640</width>
		<height>640</height>
		<depth>3</depth>
	</size>
	<segmented>0</segmented>
	<object>
		<name>head</name>
		<pose>Unspecified</pose>
		<truncated>0</truncated>
		<difficult>0</difficult>
		<occluded>0</occluded>
		<bndbox>
			<xmin>40</xmin>
			<xmax>418</xmax>
			<ymin>41</ymin>
			<ymax>300</ymax>
		</bndbox>
	</object>
</annotation>
