<annotation>
	<folder></folder>
	<filename>hijab-2787_jpg.rf.e9e2d7338a25e9737ad423bc2bacc27b.jpg</filename>
	<path>hijab-2787_jpg.rf.e9e2d7338a25e9737ad423bc2bacc27b.jpg</path>
	<source>
		<database>roboflow.ai</database>
	</source>
	<size>
		<width>640</width>
		<height>640</height>
		<depth>3</depth>
	</size>
	<segmented>0</segmented>
	<object>
		<name>head</name>
		<pose>Unspecified</pose>
		<truncated>0</truncated>
		<difficult>0</difficult>
		<occluded>0</occluded>
		<bndbox>
			<xmin>11</xmin>
			<xmax>441</xmax>
			<ymin>21</ymin>
			<ymax>309</ymax>
		</bndbox>
	</object>
</annotation>
