<annotation>
	<folder></folder>
	<filename>hijab-2068_jpg.rf.da716e9afb2639330cba4ee86c0c59be.jpg</filename>
	<path>hijab-2068_jpg.rf.da716e9afb2639330cba4ee86c0c59be.jpg</path>
	<source>
		<database>roboflow.ai</database>
	</source>
	<size>
		<width>640</width>
		<height>640</height>
		<depth>3</depth>
	</size>
	<segmented>0</segmented>
	<object>
		<name>head</name>
		<pose>Unspecified</pose>
		<truncated>0</truncated>
		<difficult>0</difficult>
		<occluded>0</occluded>
		<bndbox>
			<xmin>168</xmin>
			<xmax>496</xmax>
			<ymin>8</ymin>
			<ymax>287</ymax>
		</bndbox>
	</object>
</annotation>
