<annotation>
	<folder></folder>
	<filename>hijab-0405_jpg.rf.fe92ec562536c769d3516020b089c0d5.jpg</filename>
	<path>hijab-0405_jpg.rf.fe92ec562536c769d3516020b089c0d5.jpg</path>
	<source>
		<database>roboflow.ai</database>
	</source>
	<size>
		<width>640</width>
		<height>640</height>
		<depth>3</depth>
	</size>
	<segmented>0</segmented>
	<object>
		<name>head</name>
		<pose>Unspecified</pose>
		<truncated>0</truncated>
		<difficult>0</difficult>
		<occluded>0</occluded>
		<bndbox>
			<xmin>157</xmin>
			<xmax>473</xmax>
			<ymin>35</ymin>
			<ymax>278</ymax>
		</bndbox>
	</object>
</annotation>
