<annotation>
	<folder></folder>
	<filename>hijab-2201_jpg.rf.60ced82f85ebe1f4209c0ba0071d2c49.jpg</filename>
	<path>hijab-2201_jpg.rf.60ced82f85ebe1f4209c0ba0071d2c49.jpg</path>
	<source>
		<database>roboflow.ai</database>
	</source>
	<size>
		<width>640</width>
		<height>640</height>
		<depth>3</depth>
	</size>
	<segmented>0</segmented>
	<object>
		<name>head</name>
		<pose>Unspecified</pose>
		<truncated>0</truncated>
		<difficult>0</difficult>
		<occluded>0</occluded>
		<bndbox>
			<xmin>101</xmin>
			<xmax>508</xmax>
			<ymin>1</ymin>
			<ymax>298</ymax>
		</bndbox>
	</object>
</annotation>
