<annotation>
	<folder></folder>
	<filename>hijab-0979_jpg.rf.29e395e4e8e04870c879fa920b5abc69.jpg</filename>
	<path>hijab-0979_jpg.rf.29e395e4e8e04870c879fa920b5abc69.jpg</path>
	<source>
		<database>roboflow.ai</database>
	</source>
	<size>
		<width>640</width>
		<height>640</height>
		<depth>3</depth>
	</size>
	<segmented>0</segmented>
	<object>
		<name>head</name>
		<pose>Unspecified</pose>
		<truncated>0</truncated>
		<difficult>0</difficult>
		<occluded>0</occluded>
		<bndbox>
			<xmin>134</xmin>
			<xmax>495</xmax>
			<ymin>31</ymin>
			<ymax>278</ymax>
		</bndbox>
	</object>
</annotation>
