<annotation>
	<folder></folder>
	<filename>hijab-2605_jpg.rf.cbd89343a7982fa3e19a0545b38b786e.jpg</filename>
	<path>hijab-2605_jpg.rf.cbd89343a7982fa3e19a0545b38b786e.jpg</path>
	<source>
		<database>roboflow.ai</database>
	</source>
	<size>
		<width>640</width>
		<height>640</height>
		<depth>3</depth>
	</size>
	<segmented>0</segmented>
	<object>
		<name>head</name>
		<pose>Unspecified</pose>
		<truncated>0</truncated>
		<difficult>0</difficult>
		<occluded>0</occluded>
		<bndbox>
			<xmin>154</xmin>
			<xmax>506</xmax>
			<ymin>1</ymin>
			<ymax>289</ymax>
		</bndbox>
	</object>
</annotation>
