<annotation>
	<folder></folder>
	<filename>hijab-0264_jpg.rf.705b76842ccf66a6f962a9dcacd1dd8c.jpg</filename>
	<path>hijab-0264_jpg.rf.705b76842ccf66a6f962a9dcacd1dd8c.jpg</path>
	<source>
		<database>roboflow.ai</database>
	</source>
	<size>
		<width>640</width>
		<height>640</height>
		<depth>3</depth>
	</size>
	<segmented>0</segmented>
	<object>
		<name>head</name>
		<pose>Unspecified</pose>
		<truncated>0</truncated>
		<difficult>0</difficult>
		<occluded>0</occluded>
		<bndbox>
			<xmin>1</xmin>
			<xmax>444</xmax>
			<ymin>1</ymin>
			<ymax>272</ymax>
		</bndbox>
	</object>
</annotation>
