<annotation>
	<folder></folder>
	<filename>hijab-0586_jpg.rf.50c48d4bb9dcc16ea34536a79357bc50.jpg</filename>
	<path>hijab-0586_jpg.rf.50c48d4bb9dcc16ea34536a79357bc50.jpg</path>
	<source>
		<database>roboflow.ai</database>
	</source>
	<size>
		<width>640</width>
		<height>640</height>
		<depth>3</depth>
	</size>
	<segmented>0</segmented>
	<object>
		<name>head</name>
		<pose>Unspecified</pose>
		<truncated>0</truncated>
		<difficult>0</difficult>
		<occluded>0</occluded>
		<bndbox>
			<xmin>162</xmin>
			<xmax>490</xmax>
			<ymin>19</ymin>
			<ymax>298</ymax>
		</bndbox>
	</object>
</annotation>
