<annotation>
	<folder></folder>
	<filename>hijab-1589_jpg.rf.52f46a67e145ec92e777e88f2f0a1d91.jpg</filename>
	<path>hijab-1589_jpg.rf.52f46a67e145ec92e777e88f2f0a1d91.jpg</path>
	<source>
		<database>roboflow.ai</database>
	</source>
	<size>
		<width>640</width>
		<height>640</height>
		<depth>3</depth>
	</size>
	<segmented>0</segmented>
	<object>
		<name>head</name>
		<pose>Unspecified</pose>
		<truncated>0</truncated>
		<difficult>0</difficult>
		<occluded>0</occluded>
		<bndbox>
			<xmin>223</xmin>
			<xmax>618</xmax>
			<ymin>21</ymin>
			<ymax>291</ymax>
		</bndbox>
	</object>
</annotation>
