<annotation>
	<folder></folder>
	<filename>hijab-0275_jpg.rf.e9352e273167e3b285e473c524cc608e.jpg</filename>
	<path>hijab-0275_jpg.rf.e9352e273167e3b285e473c524cc608e.jpg</path>
	<source>
		<database>roboflow.ai</database>
	</source>
	<size>
		<width>640</width>
		<height>640</height>
		<depth>3</depth>
	</size>
	<segmented>0</segmented>
	<object>
		<name>head</name>
		<pose>Unspecified</pose>
		<truncated>0</truncated>
		<difficult>0</difficult>
		<occluded>0</occluded>
		<bndbox>
			<xmin>125</xmin>
			<xmax>509</xmax>
			<ymin>23</ymin>
			<ymax>295</ymax>
		</bndbox>
	</object>
</annotation>
