<annotation>
	<folder></folder>
	<filename>hijab-0411_jpg.rf.7302f4ab9f818d02cfe7e42431b46a94.jpg</filename>
	<path>hijab-0411_jpg.rf.7302f4ab9f818d02cfe7e42431b46a94.jpg</path>
	<source>
		<database>roboflow.ai</database>
	</source>
	<size>
		<width>640</width>
		<height>640</height>
		<depth>3</depth>
	</size>
	<segmented>0</segmented>
	<object>
		<name>head</name>
		<pose>Unspecified</pose>
		<truncated>0</truncated>
		<difficult>0</difficult>
		<occluded>0</occluded>
		<bndbox>
			<xmin>175</xmin>
			<xmax>534</xmax>
			<ymin>27</ymin>
			<ymax>308</ymax>
		</bndbox>
	</object>
</annotation>
