<annotation>
	<folder></folder>
	<filename>hijab-0811_jpg.rf.6db6d24f0bce3a10fa762d4784678a8d.jpg</filename>
	<path>hijab-0811_jpg.rf.6db6d24f0bce3a10fa762d4784678a8d.jpg</path>
	<source>
		<database>roboflow.ai</database>
	</source>
	<size>
		<width>640</width>
		<height>640</height>
		<depth>3</depth>
	</size>
	<segmented>0</segmented>
	<object>
		<name>head</name>
		<pose>Unspecified</pose>
		<truncated>0</truncated>
		<difficult>0</difficult>
		<occluded>0</occluded>
		<bndbox>
			<xmin>184</xmin>
			<xmax>591</xmax>
			<ymin>7</ymin>
			<ymax>313</ymax>
		</bndbox>
	</object>
</annotation>
