<annotation>
	<folder></folder>
	<filename>hijab-1717_jpg.rf.0e2344f52f4de275222aaeefe02e59a7.jpg</filename>
	<path>hijab-1717_jpg.rf.0e2344f52f4de275222aaeefe02e59a7.jpg</path>
	<source>
		<database>roboflow.ai</database>
	</source>
	<size>
		<width>640</width>
		<height>640</height>
		<depth>3</depth>
	</size>
	<segmented>0</segmented>
	<object>
		<name>head</name>
		<pose>Unspecified</pose>
		<truncated>0</truncated>
		<difficult>0</difficult>
		<occluded>0</occluded>
		<bndbox>
			<xmin>125</xmin>
			<xmax>628</xmax>
			<ymin>20</ymin>
			<ymax>292</ymax>
		</bndbox>
	</object>
</annotation>
