<annotation>
	<folder></folder>
	<filename>hijab-0152_jpg.rf.018acca673a12885d35cfe851a0affe4.jpg</filename>
	<path>hijab-0152_jpg.rf.018acca673a12885d35cfe851a0affe4.jpg</path>
	<source>
		<database>roboflow.ai</database>
	</source>
	<size>
		<width>640</width>
		<height>640</height>
		<depth>3</depth>
	</size>
	<segmented>0</segmented>
	<object>
		<name>head</name>
		<pose>Unspecified</pose>
		<truncated>0</truncated>
		<difficult>0</difficult>
		<occluded>0</occluded>
		<bndbox>
			<xmin>148</xmin>
			<xmax>538</xmax>
			<ymin>24</ymin>
			<ymax>291</ymax>
		</bndbox>
	</object>
</annotation>
