<annotation>
	<folder></folder>
	<filename>hijab-1436_jpg.rf.d23540fb07963eb67b54f917a5ebebfc.jpg</filename>
	<path>hijab-1436_jpg.rf.d23540fb07963eb67b54f917a5ebebfc.jpg</path>
	<source>
		<database>roboflow.ai</database>
	</source>
	<size>
		<width>640</width>
		<height>640</height>
		<depth>3</depth>
	</size>
	<segmented>0</segmented>
	<object>
		<name>head</name>
		<pose>Unspecified</pose>
		<truncated>0</truncated>
		<difficult>0</difficult>
		<occluded>0</occluded>
		<bndbox>
			<xmin>182</xmin>
			<xmax>504</xmax>
			<ymin>10</ymin>
			<ymax>296</ymax>
		</bndbox>
	</object>
</annotation>
