<annotation>
	<folder></folder>
	<filename>hijab-0008_jpg.rf.7c5c86a18816fbbb22bd17987b8abe9f.jpg</filename>
	<path>hijab-0008_jpg.rf.7c5c86a18816fbbb22bd17987b8abe9f.jpg</path>
	<source>
		<database>roboflow.ai</database>
	</source>
	<size>
		<width>640</width>
		<height>640</height>
		<depth>3</depth>
	</size>
	<segmented>0</segmented>
	<object>
		<name>head</name>
		<pose>Unspecified</pose>
		<truncated>0</truncated>
		<difficult>0</difficult>
		<occluded>0</occluded>
		<bndbox>
			<xmin>98</xmin>
			<xmax>566</xmax>
			<ymin>36</ymin>
			<ymax>303</ymax>
		</bndbox>
	</object>
</annotation>
