<annotation>
	<folder></folder>
	<filename>hijab-0577_jpg.rf.2593fbaa2361164702d963709b538dc7.jpg</filename>
	<path>hijab-0577_jpg.rf.2593fbaa2361164702d963709b538dc7.jpg</path>
	<source>
		<database>roboflow.ai</database>
	</source>
	<size>
		<width>640</width>
		<height>640</height>
		<depth>3</depth>
	</size>
	<segmented>0</segmented>
	<object>
		<name>head</name>
		<pose>Unspecified</pose>
		<truncated>0</truncated>
		<difficult>0</difficult>
		<occluded>0</occluded>
		<bndbox>
			<xmin>97</xmin>
			<xmax>492</xmax>
			<ymin>10</ymin>
			<ymax>311</ymax>
		</bndbox>
	</object>
</annotation>
