<annotation>
	<folder></folder>
	<filename>hijab-1036_jpg.rf.d49d69c55e5a419990cfd499e9acea52.jpg</filename>
	<path>hijab-1036_jpg.rf.d49d69c55e5a419990cfd499e9acea52.jpg</path>
	<source>
		<database>roboflow.ai</database>
	</source>
	<size>
		<width>640</width>
		<height>640</height>
		<depth>3</depth>
	</size>
	<segmented>0</segmented>
	<object>
		<name>head</name>
		<pose>Unspecified</pose>
		<truncated>0</truncated>
		<difficult>0</difficult>
		<occluded>0</occluded>
		<bndbox>
			<xmin>121</xmin>
			<xmax>556</xmax>
			<ymin>7</ymin>
			<ymax>290</ymax>
		</bndbox>
	</object>
</annotation>
