<annotation>
	<folder></folder>
	<filename>hijab-1549_jpg.rf.b595d51da0520cf9b18e538fee287ac4.jpg</filename>
	<path>hijab-1549_jpg.rf.b595d51da0520cf9b18e538fee287ac4.jpg</path>
	<source>
		<database>roboflow.ai</database>
	</source>
	<size>
		<width>640</width>
		<height>640</height>
		<depth>3</depth>
	</size>
	<segmented>0</segmented>
	<object>
		<name>head</name>
		<pose>Unspecified</pose>
		<truncated>0</truncated>
		<difficult>0</difficult>
		<occluded>0</occluded>
		<bndbox>
			<xmin>118</xmin>
			<xmax>610</xmax>
			<ymin>20</ymin>
			<ymax>282</ymax>
		</bndbox>
	</object>
</annotation>
