<annotation>
	<folder></folder>
	<filename>hijab-0336_jpg.rf.804d368e6336220f3e854e65a086157f.jpg</filename>
	<path>hijab-0336_jpg.rf.804d368e6336220f3e854e65a086157f.jpg</path>
	<source>
		<database>roboflow.ai</database>
	</source>
	<size>
		<width>640</width>
		<height>640</height>
		<depth>3</depth>
	</size>
	<segmented>0</segmented>
	<object>
		<name>head</name>
		<pose>Unspecified</pose>
		<truncated>0</truncated>
		<difficult>0</difficult>
		<occluded>0</occluded>
		<bndbox>
			<xmin>129</xmin>
			<xmax>513</xmax>
			<ymin>6</ymin>
			<ymax>278</ymax>
		</bndbox>
	</object>
</annotation>
