<annotation>
	<folder></folder>
	<filename>hijab-2779_jpg.rf.631342d40ff0441266c3bbf9f2bbb299.jpg</filename>
	<path>hijab-2779_jpg.rf.631342d40ff0441266c3bbf9f2bbb299.jpg</path>
	<source>
		<database>roboflow.ai</database>
	</source>
	<size>
		<width>640</width>
		<height>640</height>
		<depth>3</depth>
	</size>
	<segmented>0</segmented>
	<object>
		<name>head</name>
		<pose>Unspecified</pose>
		<truncated>0</truncated>
		<difficult>0</difficult>
		<occluded>0</occluded>
		<bndbox>
			<xmin>167</xmin>
			<xmax>466</xmax>
			<ymin>36</ymin>
			<ymax>314</ymax>
		</bndbox>
	</object>
</annotation>
