<annotation>
	<folder></folder>
	<filename>hijab-0894_jpg.rf.2c193b6edd6d29553c60e17477d901f9.jpg</filename>
	<path>hijab-0894_jpg.rf.2c193b6edd6d29553c60e17477d901f9.jpg</path>
	<source>
		<database>roboflow.ai</database>
	</source>
	<size>
		<width>640</width>
		<height>640</height>
		<depth>3</depth>
	</size>
	<segmented>0</segmented>
	<object>
		<name>head</name>
		<pose>Unspecified</pose>
		<truncated>0</truncated>
		<difficult>0</difficult>
		<occluded>0</occluded>
		<bndbox>
			<xmin>147</xmin>
			<xmax>481</xmax>
			<ymin>21</ymin>
			<ymax>304</ymax>
		</bndbox>
	</object>
</annotation>
