<annotation>
	<folder></folder>
	<filename>hijab-1989_jpg.rf.23bc96ac2ecf253cd48aa789cd1ebb42.jpg</filename>
	<path>hijab-1989_jpg.rf.23bc96ac2ecf253cd48aa789cd1ebb42.jpg</path>
	<source>
		<database>roboflow.ai</database>
	</source>
	<size>
		<width>640</width>
		<height>640</height>
		<depth>3</depth>
	</size>
	<segmented>0</segmented>
	<object>
		<name>head</name>
		<pose>Unspecified</pose>
		<truncated>0</truncated>
		<difficult>0</difficult>
		<occluded>0</occluded>
		<bndbox>
			<xmin>173</xmin>
			<xmax>463</xmax>
			<ymin>25</ymin>
			<ymax>283</ymax>
		</bndbox>
	</object>
</annotation>
