<annotation>
	<folder></folder>
	<filename>hijab-0978_jpg.rf.7ccf5131f916e593ee929972dd129f1c.jpg</filename>
	<path>hijab-0978_jpg.rf.7ccf5131f916e593ee929972dd129f1c.jpg</path>
	<source>
		<database>roboflow.ai</database>
	</source>
	<size>
		<width>640</width>
		<height>640</height>
		<depth>3</depth>
	</size>
	<segmented>0</segmented>
	<object>
		<name>head</name>
		<pose>Unspecified</pose>
		<truncated>0</truncated>
		<difficult>0</difficult>
		<occluded>0</occluded>
		<bndbox>
			<xmin>126</xmin>
			<xmax>518</xmax>
			<ymin>28</ymin>
			<ymax>312</ymax>
		</bndbox>
	</object>
</annotation>
