<annotation>
	<folder></folder>
	<filename>hijab-1990_jpg.rf.c499fca6c64742a53aa468ffe44172c7.jpg</filename>
	<path>hijab-1990_jpg.rf.c499fca6c64742a53aa468ffe44172c7.jpg</path>
	<source>
		<database>roboflow.ai</database>
	</source>
	<size>
		<width>640</width>
		<height>640</height>
		<depth>3</depth>
	</size>
	<segmented>0</segmented>
	<object>
		<name>head</name>
		<pose>Unspecified</pose>
		<truncated>0</truncated>
		<difficult>0</difficult>
		<occluded>0</occluded>
		<bndbox>
			<xmin>123</xmin>
			<xmax>489</xmax>
			<ymin>21</ymin>
			<ymax>289</ymax>
		</bndbox>
	</object>
</annotation>
