<annotation>
	<folder></folder>
	<filename>hijab-0502_jpg.rf.29305e45d2b39efacf0f98a040f391d6.jpg</filename>
	<path>hijab-0502_jpg.rf.29305e45d2b39efacf0f98a040f391d6.jpg</path>
	<source>
		<database>roboflow.ai</database>
	</source>
	<size>
		<width>640</width>
		<height>640</height>
		<depth>3</depth>
	</size>
	<segmented>0</segmented>
	<object>
		<name>head</name>
		<pose>Unspecified</pose>
		<truncated>0</truncated>
		<difficult>0</difficult>
		<occluded>0</occluded>
		<bndbox>
			<xmin>132</xmin>
			<xmax>559</xmax>
			<ymin>56</ymin>
			<ymax>323</ymax>
		</bndbox>
	</object>
</annotation>
