<annotation>
	<folder></folder>
	<filename>hijab-0100_jpg.rf.570796877a1bad0c0c7421eb8fac4382.jpg</filename>
	<path>hijab-0100_jpg.rf.570796877a1bad0c0c7421eb8fac4382.jpg</path>
	<source>
		<database>roboflow.ai</database>
	</source>
	<size>
		<width>640</width>
		<height>640</height>
		<depth>3</depth>
	</size>
	<segmented>0</segmented>
	<object>
		<name>head</name>
		<pose>Unspecified</pose>
		<truncated>0</truncated>
		<difficult>0</difficult>
		<occluded>0</occluded>
		<bndbox>
			<xmin>143</xmin>
			<xmax>518</xmax>
			<ymin>35</ymin>
			<ymax>294</ymax>
		</bndbox>
	</object>
</annotation>
