<annotation>
	<folder></folder>
	<filename>hijab-2652_jpg.rf.c83faaf018f5be70b4428afdb4024a87.jpg</filename>
	<path>hijab-2652_jpg.rf.c83faaf018f5be70b4428afdb4024a87.jpg</path>
	<source>
		<database>roboflow.ai</database>
	</source>
	<size>
		<width>640</width>
		<height>640</height>
		<depth>3</depth>
	</size>
	<segmented>0</segmented>
	<object>
		<name>head</name>
		<pose>Unspecified</pose>
		<truncated>0</truncated>
		<difficult>0</difficult>
		<occluded>0</occluded>
		<bndbox>
			<xmin>157</xmin>
			<xmax>524</xmax>
			<ymin>46</ymin>
			<ymax>312</ymax>
		</bndbox>
	</object>
</annotation>
