<annotation>
	<folder></folder>
	<filename>hijab-1682_jpg.rf.627d2a0d444664f71b6017ea58cec0aa.jpg</filename>
	<path>hijab-1682_jpg.rf.627d2a0d444664f71b6017ea58cec0aa.jpg</path>
	<source>
		<database>roboflow.ai</database>
	</source>
	<size>
		<width>640</width>
		<height>640</height>
		<depth>3</depth>
	</size>
	<segmented>0</segmented>
	<object>
		<name>head</name>
		<pose>Unspecified</pose>
		<truncated>0</truncated>
		<difficult>0</difficult>
		<occluded>0</occluded>
		<bndbox>
			<xmin>180</xmin>
			<xmax>505</xmax>
			<ymin>17</ymin>
			<ymax>267</ymax>
		</bndbox>
	</object>
</annotation>
