<annotation>
	<folder></folder>
	<filename>hijab-0453_jpg.rf.31952cd4b1651a63fc20ceb44e81e669.jpg</filename>
	<path>hijab-0453_jpg.rf.31952cd4b1651a63fc20ceb44e81e669.jpg</path>
	<source>
		<database>roboflow.ai</database>
	</source>
	<size>
		<width>640</width>
		<height>640</height>
		<depth>3</depth>
	</size>
	<segmented>0</segmented>
	<object>
		<name>head</name>
		<pose>Unspecified</pose>
		<truncated>0</truncated>
		<difficult>0</difficult>
		<occluded>0</occluded>
		<bndbox>
			<xmin>152</xmin>
			<xmax>492</xmax>
			<ymin>15</ymin>
			<ymax>270</ymax>
		</bndbox>
	</object>
</annotation>
