<annotation>
	<folder></folder>
	<filename>hijab-1826_jpg.rf.0f55014c5cfa120afb482bcf9d3a5980.jpg</filename>
	<path>hijab-1826_jpg.rf.0f55014c5cfa120afb482bcf9d3a5980.jpg</path>
	<source>
		<database>roboflow.ai</database>
	</source>
	<size>
		<width>640</width>
		<height>640</height>
		<depth>3</depth>
	</size>
	<segmented>0</segmented>
	<object>
		<name>head</name>
		<pose>Unspecified</pose>
		<truncated>0</truncated>
		<difficult>0</difficult>
		<occluded>0</occluded>
		<bndbox>
			<xmin>201</xmin>
			<xmax>630</xmax>
			<ymin>18</ymin>
			<ymax>293</ymax>
		</bndbox>
	</object>
</annotation>
