<annotation>
	<folder></folder>
	<filename>hijab-2760_jpg.rf.0d4c98534edcd1b748b29959c38345e4.jpg</filename>
	<path>hijab-2760_jpg.rf.0d4c98534edcd1b748b29959c38345e4.jpg</path>
	<source>
		<database>roboflow.ai</database>
	</source>
	<size>
		<width>640</width>
		<height>640</height>
		<depth>3</depth>
	</size>
	<segmented>0</segmented>
	<object>
		<name>head</name>
		<pose>Unspecified</pose>
		<truncated>0</truncated>
		<difficult>0</difficult>
		<occluded>0</occluded>
		<bndbox>
			<xmin>183</xmin>
			<xmax>469</xmax>
			<ymin>42</ymin>
			<ymax>287</ymax>
		</bndbox>
	</object>
</annotation>
