<annotation>
	<folder></folder>
	<filename>hijab-1686_jpg.rf.ab4391260f4dca9c4d9a1e71e2277a46.jpg</filename>
	<path>hijab-1686_jpg.rf.ab4391260f4dca9c4d9a1e71e2277a46.jpg</path>
	<source>
		<database>roboflow.ai</database>
	</source>
	<size>
		<width>640</width>
		<height>640</height>
		<depth>3</depth>
	</size>
	<segmented>0</segmented>
	<object>
		<name>head</name>
		<pose>Unspecified</pose>
		<truncated>0</truncated>
		<difficult>0</difficult>
		<occluded>0</occluded>
		<bndbox>
			<xmin>214</xmin>
			<xmax>610</xmax>
			<ymin>20</ymin>
			<ymax>285</ymax>
		</bndbox>
	</object>
</annotation>
