<annotation>
	<folder></folder>
	<filename>hijab-2565_jpg.rf.b3166f9bcf8a7c687cec7eeb2e062cd3.jpg</filename>
	<path>hijab-2565_jpg.rf.b3166f9bcf8a7c687cec7eeb2e062cd3.jpg</path>
	<source>
		<database>roboflow.ai</database>
	</source>
	<size>
		<width>640</width>
		<height>640</height>
		<depth>3</depth>
	</size>
	<segmented>0</segmented>
	<object>
		<name>head</name>
		<pose>Unspecified</pose>
		<truncated>0</truncated>
		<difficult>0</difficult>
		<occluded>0</occluded>
		<bndbox>
			<xmin>143</xmin>
			<xmax>580</xmax>
			<ymin>29</ymin>
			<ymax>281</ymax>
		</bndbox>
	</object>
</annotation>
