<annotation>
	<folder></folder>
	<filename>hijab-2699_jpg.rf.bcbdc9df07bc781c9df83cf3f9c54ef9.jpg</filename>
	<path>hijab-2699_jpg.rf.bcbdc9df07bc781c9df83cf3f9c54ef9.jpg</path>
	<source>
		<database>roboflow.ai</database>
	</source>
	<size>
		<width>640</width>
		<height>640</height>
		<depth>3</depth>
	</size>
	<segmented>0</segmented>
	<object>
		<name>head</name>
		<pose>Unspecified</pose>
		<truncated>0</truncated>
		<difficult>0</difficult>
		<occluded>0</occluded>
		<bndbox>
			<xmin>149</xmin>
			<xmax>484</xmax>
			<ymin>36</ymin>
			<ymax>301</ymax>
		</bndbox>
	</object>
</annotation>
