<annotation>
	<folder></folder>
	<filename>hijab-0135_jpg.rf.f4ebe14beff0093070d98f2c52f012f6.jpg</filename>
	<path>hijab-0135_jpg.rf.f4ebe14beff0093070d98f2c52f012f6.jpg</path>
	<source>
		<database>roboflow.ai</database>
	</source>
	<size>
		<width>640</width>
		<height>640</height>
		<depth>3</depth>
	</size>
	<segmented>0</segmented>
	<object>
		<name>head</name>
		<pose>Unspecified</pose>
		<truncated>0</truncated>
		<difficult>0</difficult>
		<occluded>0</occluded>
		<bndbox>
			<xmin>158</xmin>
			<xmax>517</xmax>
			<ymin>14</ymin>
			<ymax>270</ymax>
		</bndbox>
	</object>
</annotation>
