<annotation>
	<folder></folder>
	<filename>hijab-0094_jpg.rf.4a87bcf728be567df4d8922bc84f43bb.jpg</filename>
	<path>hijab-0094_jpg.rf.4a87bcf728be567df4d8922bc84f43bb.jpg</path>
	<source>
		<database>roboflow.ai</database>
	</source>
	<size>
		<width>640</width>
		<height>640</height>
		<depth>3</depth>
	</size>
	<segmented>0</segmented>
	<object>
		<name>head</name>
		<pose>Unspecified</pose>
		<truncated>0</truncated>
		<difficult>0</difficult>
		<occluded>0</occluded>
		<bndbox>
			<xmin>126</xmin>
			<xmax>509</xmax>
			<ymin>40</ymin>
			<ymax>287</ymax>
		</bndbox>
	</object>
</annotation>
