<annotation>
	<folder></folder>
	<filename>hijab-2418_jpg.rf.5c2b04339d8b428e3e8def007fa40761.jpg</filename>
	<path>hijab-2418_jpg.rf.5c2b04339d8b428e3e8def007fa40761.jpg</path>
	<source>
		<database>roboflow.ai</database>
	</source>
	<size>
		<width>640</width>
		<height>640</height>
		<depth>3</depth>
	</size>
	<segmented>0</segmented>
	<object>
		<name>head</name>
		<pose>Unspecified</pose>
		<truncated>0</truncated>
		<difficult>0</difficult>
		<occluded>0</occluded>
		<bndbox>
			<xmin>182</xmin>
			<xmax>636</xmax>
			<ymin>18</ymin>
			<ymax>309</ymax>
		</bndbox>
	</object>
</annotation>
