<annotation>
	<folder></folder>
	<filename>hijab-3088_jpg.rf.bf1e3fc3189eaa7bca5aae5528fa8a80.jpg</filename>
	<path>hijab-3088_jpg.rf.bf1e3fc3189eaa7bca5aae5528fa8a80.jpg</path>
	<source>
		<database>roboflow.ai</database>
	</source>
	<size>
		<width>640</width>
		<height>640</height>
		<depth>3</depth>
	</size>
	<segmented>0</segmented>
	<object>
		<name>head</name>
		<pose>Unspecified</pose>
		<truncated>0</truncated>
		<difficult>0</difficult>
		<occluded>0</occluded>
		<bndbox>
			<xmin>188</xmin>
			<xmax>545</xmax>
			<ymin>32</ymin>
			<ymax>327</ymax>
		</bndbox>
	</object>
</annotation>
