<annotation>
	<folder></folder>
	<filename>hijab-0681_jpg.rf.1d4442655a21f23a247355fcec3b4109.jpg</filename>
	<path>hijab-0681_jpg.rf.1d4442655a21f23a247355fcec3b4109.jpg</path>
	<source>
		<database>roboflow.ai</database>
	</source>
	<size>
		<width>640</width>
		<height>640</height>
		<depth>3</depth>
	</size>
	<segmented>0</segmented>
	<object>
		<name>head</name>
		<pose>Unspecified</pose>
		<truncated>0</truncated>
		<difficult>0</difficult>
		<occluded>0</occluded>
		<bndbox>
			<xmin>120</xmin>
			<xmax>509</xmax>
			<ymin>38</ymin>
			<ymax>318</ymax>
		</bndbox>
	</object>
</annotation>
