<annotation>
	<folder></folder>
	<filename>hijab-0248_jpg.rf.39ca374f871a6399e9c28b536643843d.jpg</filename>
	<path>hijab-0248_jpg.rf.39ca374f871a6399e9c28b536643843d.jpg</path>
	<source>
		<database>roboflow.ai</database>
	</source>
	<size>
		<width>640</width>
		<height>640</height>
		<depth>3</depth>
	</size>
	<segmented>0</segmented>
	<object>
		<name>head</name>
		<pose>Unspecified</pose>
		<truncated>0</truncated>
		<difficult>0</difficult>
		<occluded>0</occluded>
		<bndbox>
			<xmin>147</xmin>
			<xmax>539</xmax>
			<ymin>14</ymin>
			<ymax>289</ymax>
		</bndbox>
	</object>
</annotation>
