<annotation>
	<folder></folder>
	<filename>hijab-1561_jpg.rf.1951f4786ab75589b8404f0dddb46481.jpg</filename>
	<path>hijab-1561_jpg.rf.1951f4786ab75589b8404f0dddb46481.jpg</path>
	<source>
		<database>roboflow.ai</database>
	</source>
	<size>
		<width>640</width>
		<height>640</height>
		<depth>3</depth>
	</size>
	<segmented>0</segmented>
	<object>
		<name>head</name>
		<pose>Unspecified</pose>
		<truncated>0</truncated>
		<difficult>0</difficult>
		<occluded>0</occluded>
		<bndbox>
			<xmin>188</xmin>
			<xmax>593</xmax>
			<ymin>2</ymin>
			<ymax>299</ymax>
		</bndbox>
	</object>
</annotation>
