<annotation>
	<folder></folder>
	<filename>hijab-0154_jpg.rf.82e7cea27cfc3d29ee9c6b62b267a5c8.jpg</filename>
	<path>hijab-0154_jpg.rf.82e7cea27cfc3d29ee9c6b62b267a5c8.jpg</path>
	<source>
		<database>roboflow.ai</database>
	</source>
	<size>
		<width>640</width>
		<height>640</height>
		<depth>3</depth>
	</size>
	<segmented>0</segmented>
	<object>
		<name>head</name>
		<pose>Unspecified</pose>
		<truncated>0</truncated>
		<difficult>0</difficult>
		<occluded>0</occluded>
		<bndbox>
			<xmin>153</xmin>
			<xmax>516</xmax>
			<ymin>23</ymin>
			<ymax>296</ymax>
		</bndbox>
	</object>
</annotation>
