<annotation>
	<folder></folder>
	<filename>hijab-3035_jpg.rf.a4bcb8b94980c112d2eac7fa834bbefa.jpg</filename>
	<path>hijab-3035_jpg.rf.a4bcb8b94980c112d2eac7fa834bbefa.jpg</path>
	<source>
		<database>roboflow.ai</database>
	</source>
	<size>
		<width>640</width>
		<height>640</height>
		<depth>3</depth>
	</size>
	<segmented>0</segmented>
	<object>
		<name>head</name>
		<pose>Unspecified</pose>
		<truncated>0</truncated>
		<difficult>0</difficult>
		<occluded>0</occluded>
		<bndbox>
			<xmin>210</xmin>
			<xmax>577</xmax>
			<ymin>36</ymin>
			<ymax>302</ymax>
		</bndbox>
	</object>
</annotation>
