<annotation>
	<folder></folder>
	<filename>hijab-1258_jpg.rf.524aec87f575fa13147b614505e53f9c.jpg</filename>
	<path>hijab-1258_jpg.rf.524aec87f575fa13147b614505e53f9c.jpg</path>
	<source>
		<database>roboflow.ai</database>
	</source>
	<size>
		<width>640</width>
		<height>640</height>
		<depth>3</depth>
	</size>
	<segmented>0</segmented>
	<object>
		<name>head</name>
		<pose>Unspecified</pose>
		<truncated>0</truncated>
		<difficult>0</difficult>
		<occluded>0</occluded>
		<bndbox>
			<xmin>128</xmin>
			<xmax>538</xmax>
			<ymin>32</ymin>
			<ymax>307</ymax>
		</bndbox>
	</object>
</annotation>
