<annotation>
	<folder></folder>
	<filename>hijab-2844_jpg.rf.b029d59423426892a1094dbfe8161143.jpg</filename>
	<path>hijab-2844_jpg.rf.b029d59423426892a1094dbfe8161143.jpg</path>
	<source>
		<database>roboflow.ai</database>
	</source>
	<size>
		<width>640</width>
		<height>640</height>
		<depth>3</depth>
	</size>
	<segmented>0</segmented>
	<object>
		<name>head</name>
		<pose>Unspecified</pose>
		<truncated>0</truncated>
		<difficult>0</difficult>
		<occluded>0</occluded>
		<bndbox>
			<xmin>171</xmin>
			<xmax>534</xmax>
			<ymin>9</ymin>
			<ymax>299</ymax>
		</bndbox>
	</object>
</annotation>
