<annotation>
	<folder></folder>
	<filename>hijab-0930_jpg.rf.d53c6271e2d88be481a80df8b3d2ecb9.jpg</filename>
	<path>hijab-0930_jpg.rf.d53c6271e2d88be481a80df8b3d2ecb9.jpg</path>
	<source>
		<database>roboflow.ai</database>
	</source>
	<size>
		<width>640</width>
		<height>640</height>
		<depth>3</depth>
	</size>
	<segmented>0</segmented>
	<object>
		<name>head</name>
		<pose>Unspecified</pose>
		<truncated>0</truncated>
		<difficult>0</difficult>
		<occluded>0</occluded>
		<bndbox>
			<xmin>94</xmin>
			<xmax>492</xmax>
			<ymin>15</ymin>
			<ymax>313</ymax>
		</bndbox>
	</object>
</annotation>
