<annotation>
	<folder></folder>
	<filename>hijab-2456_jpg.rf.77cffef21b97e4c8105a297532d0be21.jpg</filename>
	<path>hijab-2456_jpg.rf.77cffef21b97e4c8105a297532d0be21.jpg</path>
	<source>
		<database>roboflow.ai</database>
	</source>
	<size>
		<width>640</width>
		<height>640</height>
		<depth>3</depth>
	</size>
	<segmented>0</segmented>
	<object>
		<name>head</name>
		<pose>Unspecified</pose>
		<truncated>0</truncated>
		<difficult>0</difficult>
		<occluded>0</occluded>
		<bndbox>
			<xmin>192</xmin>
			<xmax>551</xmax>
			<ymin>18</ymin>
			<ymax>308</ymax>
		</bndbox>
	</object>
</annotation>
