<annotation>
	<folder></folder>
	<filename>hijab-0214_jpg.rf.163f675f12a14a82dc9310d5135a3b33.jpg</filename>
	<path>hijab-0214_jpg.rf.163f675f12a14a82dc9310d5135a3b33.jpg</path>
	<source>
		<database>roboflow.ai</database>
	</source>
	<size>
		<width>640</width>
		<height>640</height>
		<depth>3</depth>
	</size>
	<segmented>0</segmented>
	<object>
		<name>head</name>
		<pose>Unspecified</pose>
		<truncated>0</truncated>
		<difficult>0</difficult>
		<occluded>0</occluded>
		<bndbox>
			<xmin>115</xmin>
			<xmax>497</xmax>
			<ymin>14</ymin>
			<ymax>301</ymax>
		</bndbox>
	</object>
</annotation>
