<annotation>
	<folder></folder>
	<filename>hijab-0011_jpg.rf.7b53b15d669bfb2e41518ee1e82475db.jpg</filename>
	<path>hijab-0011_jpg.rf.7b53b15d669bfb2e41518ee1e82475db.jpg</path>
	<source>
		<database>roboflow.ai</database>
	</source>
	<size>
		<width>640</width>
		<height>640</height>
		<depth>3</depth>
	</size>
	<segmented>0</segmented>
	<object>
		<name>head</name>
		<pose>Unspecified</pose>
		<truncated>0</truncated>
		<difficult>0</difficult>
		<occluded>0</occluded>
		<bndbox>
			<xmin>106</xmin>
			<xmax>543</xmax>
			<ymin>24</ymin>
			<ymax>316</ymax>
		</bndbox>
	</object>
</annotation>
