<annotation>
	<folder></folder>
	<filename>hijab-1221_jpg.rf.93623634d66dd595783ddb36f0827bd4.jpg</filename>
	<path>hijab-1221_jpg.rf.93623634d66dd595783ddb36f0827bd4.jpg</path>
	<source>
		<database>roboflow.ai</database>
	</source>
	<size>
		<width>640</width>
		<height>640</height>
		<depth>3</depth>
	</size>
	<segmented>0</segmented>
	<object>
		<name>head</name>
		<pose>Unspecified</pose>
		<truncated>0</truncated>
		<difficult>0</difficult>
		<occluded>0</occluded>
		<bndbox>
			<xmin>141</xmin>
			<xmax>487</xmax>
			<ymin>25</ymin>
			<ymax>289</ymax>
		</bndbox>
	</object>
</annotation>
