<annotation>
	<folder></folder>
	<filename>hijab-2868_jpg.rf.47dca1468a1ea579e3d4661be40a517e.jpg</filename>
	<path>hijab-2868_jpg.rf.47dca1468a1ea579e3d4661be40a517e.jpg</path>
	<source>
		<database>roboflow.ai</database>
	</source>
	<size>
		<width>640</width>
		<height>640</height>
		<depth>3</depth>
	</size>
	<segmented>0</segmented>
	<object>
		<name>head</name>
		<pose>Unspecified</pose>
		<truncated>0</truncated>
		<difficult>0</difficult>
		<occluded>0</occluded>
		<bndbox>
			<xmin>123</xmin>
			<xmax>459</xmax>
			<ymin>13</ymin>
			<ymax>284</ymax>
		</bndbox>
	</object>
</annotation>
