<annotation>
	<folder></folder>
	<filename>hijab-2533_jpg.rf.7777996a72be9aab234ae5c52c1d459b.jpg</filename>
	<path>hijab-2533_jpg.rf.7777996a72be9aab234ae5c52c1d459b.jpg</path>
	<source>
		<database>roboflow.ai</database>
	</source>
	<size>
		<width>640</width>
		<height>640</height>
		<depth>3</depth>
	</size>
	<segmented>0</segmented>
	<object>
		<name>head</name>
		<pose>Unspecified</pose>
		<truncated>0</truncated>
		<difficult>0</difficult>
		<occluded>0</occluded>
		<bndbox>
			<xmin>168</xmin>
			<xmax>508</xmax>
			<ymin>23</ymin>
			<ymax>290</ymax>
		</bndbox>
	</object>
</annotation>
