<annotation>
	<folder></folder>
	<filename>hijab-2667_jpg.rf.34da69c9bab68174dec0a51c671e2df0.jpg</filename>
	<path>hijab-2667_jpg.rf.34da69c9bab68174dec0a51c671e2df0.jpg</path>
	<source>
		<database>roboflow.ai</database>
	</source>
	<size>
		<width>640</width>
		<height>640</height>
		<depth>3</depth>
	</size>
	<segmented>0</segmented>
	<object>
		<name>head</name>
		<pose>Unspecified</pose>
		<truncated>0</truncated>
		<difficult>0</difficult>
		<occluded>0</occluded>
		<bndbox>
			<xmin>123</xmin>
			<xmax>470</xmax>
			<ymin>44</ymin>
			<ymax>296</ymax>
		</bndbox>
	</object>
</annotation>
