<annotation>
	<folder></folder>
	<filename>hijab-2510_jpg.rf.d87272c2dfb6da43cb4cc361944e3eb4.jpg</filename>
	<path>hijab-2510_jpg.rf.d87272c2dfb6da43cb4cc361944e3eb4.jpg</path>
	<source>
		<database>roboflow.ai</database>
	</source>
	<size>
		<width>640</width>
		<height>640</height>
		<depth>3</depth>
	</size>
	<segmented>0</segmented>
	<object>
		<name>head</name>
		<pose>Unspecified</pose>
		<truncated>0</truncated>
		<difficult>0</difficult>
		<occluded>0</occluded>
		<bndbox>
			<xmin>173</xmin>
			<xmax>579</xmax>
			<ymin>14</ymin>
			<ymax>295</ymax>
		</bndbox>
	</object>
</annotation>
