<annotation>
	<folder></folder>
	<filename>hijab-0082_jpg.rf.26d0f746a189178588f704d30ed6a563.jpg</filename>
	<path>hijab-0082_jpg.rf.26d0f746a189178588f704d30ed6a563.jpg</path>
	<source>
		<database>roboflow.ai</database>
	</source>
	<size>
		<width>640</width>
		<height>640</height>
		<depth>3</depth>
	</size>
	<segmented>0</segmented>
	<object>
		<name>head</name>
		<pose>Unspecified</pose>
		<truncated>0</truncated>
		<difficult>0</difficult>
		<occluded>0</occluded>
		<bndbox>
			<xmin>107</xmin>
			<xmax>481</xmax>
			<ymin>33</ymin>
			<ymax>291</ymax>
		</bndbox>
	</object>
</annotation>
