<annotation>
	<folder></folder>
	<filename>hijab-0060_jpg.rf.950b12ab64588b14deb627790714bc1a.jpg</filename>
	<path>hijab-0060_jpg.rf.950b12ab64588b14deb627790714bc1a.jpg</path>
	<source>
		<database>roboflow.ai</database>
	</source>
	<size>
		<width>640</width>
		<height>640</height>
		<depth>3</depth>
	</size>
	<segmented>0</segmented>
	<object>
		<name>head</name>
		<pose>Unspecified</pose>
		<truncated>0</truncated>
		<difficult>0</difficult>
		<occluded>0</occluded>
		<bndbox>
			<xmin>203</xmin>
			<xmax>557</xmax>
			<ymin>23</ymin>
			<ymax>311</ymax>
		</bndbox>
	</object>
</annotation>
