<annotation>
	<folder></folder>
	<filename>hijab-0268_jpg.rf.d8c4a7e8f57817dcb6b66d314667c6d5.jpg</filename>
	<path>hijab-0268_jpg.rf.d8c4a7e8f57817dcb6b66d314667c6d5.jpg</path>
	<source>
		<database>roboflow.ai</database>
	</source>
	<size>
		<width>640</width>
		<height>640</height>
		<depth>3</depth>
	</size>
	<segmented>0</segmented>
	<object>
		<name>head</name>
		<pose>Unspecified</pose>
		<truncated>0</truncated>
		<difficult>0</difficult>
		<occluded>0</occluded>
		<bndbox>
			<xmin>115</xmin>
			<xmax>497</xmax>
			<ymin>40</ymin>
			<ymax>295</ymax>
		</bndbox>
	</object>
</annotation>
