<annotation>
	<folder></folder>
	<filename>hijab-1842_jpg.rf.73a0034be3a8b99891cf5cc99a34f9e6.jpg</filename>
	<path>hijab-1842_jpg.rf.73a0034be3a8b99891cf5cc99a34f9e6.jpg</path>
	<source>
		<database>roboflow.ai</database>
	</source>
	<size>
		<width>640</width>
		<height>640</height>
		<depth>3</depth>
	</size>
	<segmented>0</segmented>
	<object>
		<name>head</name>
		<pose>Unspecified</pose>
		<truncated>0</truncated>
		<difficult>0</difficult>
		<occluded>0</occluded>
		<bndbox>
			<xmin>195</xmin>
			<xmax>627</xmax>
			<ymin>17</ymin>
			<ymax>291</ymax>
		</bndbox>
	</object>
</annotation>
