<annotation>
	<folder></folder>
	<filename>hijab-2234_jpg.rf.8298a09056873dd93bf65bcfe9b930a1.jpg</filename>
	<path>hijab-2234_jpg.rf.8298a09056873dd93bf65bcfe9b930a1.jpg</path>
	<source>
		<database>roboflow.ai</database>
	</source>
	<size>
		<width>640</width>
		<height>640</height>
		<depth>3</depth>
	</size>
	<segmented>0</segmented>
	<object>
		<name>head</name>
		<pose>Unspecified</pose>
		<truncated>0</truncated>
		<difficult>0</difficult>
		<occluded>0</occluded>
		<bndbox>
			<xmin>184</xmin>
			<xmax>613</xmax>
			<ymin>1</ymin>
			<ymax>287</ymax>
		</bndbox>
	</object>
</annotation>
