<annotation>
	<folder></folder>
	<filename>hijab-0709_jpg.rf.bdc15246e6df3c88b5b2ea1b77b30e7f.jpg</filename>
	<path>hijab-0709_jpg.rf.bdc15246e6df3c88b5b2ea1b77b30e7f.jpg</path>
	<source>
		<database>roboflow.ai</database>
	</source>
	<size>
		<width>640</width>
		<height>640</height>
		<depth>3</depth>
	</size>
	<segmented>0</segmented>
	<object>
		<name>head</name>
		<pose>Unspecified</pose>
		<truncated>0</truncated>
		<difficult>0</difficult>
		<occluded>0</occluded>
		<bndbox>
			<xmin>153</xmin>
			<xmax>540</xmax>
			<ymin>19</ymin>
			<ymax>297</ymax>
		</bndbox>
	</object>
</annotation>
