<annotation>
	<folder></folder>
	<filename>hijab-1912_jpg.rf.d8e12f54232a5760633f095f90a35200.jpg</filename>
	<path>hijab-1912_jpg.rf.d8e12f54232a5760633f095f90a35200.jpg</path>
	<source>
		<database>roboflow.ai</database>
	</source>
	<size>
		<width>640</width>
		<height>640</height>
		<depth>3</depth>
	</size>
	<segmented>0</segmented>
	<object>
		<name>head</name>
		<pose>Unspecified</pose>
		<truncated>0</truncated>
		<difficult>0</difficult>
		<occluded>0</occluded>
		<bndbox>
			<xmin>87</xmin>
			<xmax>467</xmax>
			<ymin>37</ymin>
			<ymax>293</ymax>
		</bndbox>
	</object>
</annotation>
