<annotation>
	<folder></folder>
	<filename>hijab-1754_jpg.rf.c105b98582295780ac553036d411a4cd.jpg</filename>
	<path>hijab-1754_jpg.rf.c105b98582295780ac553036d411a4cd.jpg</path>
	<source>
		<database>roboflow.ai</database>
	</source>
	<size>
		<width>640</width>
		<height>640</height>
		<depth>3</depth>
	</size>
	<segmented>0</segmented>
	<object>
		<name>head</name>
		<pose>Unspecified</pose>
		<truncated>0</truncated>
		<difficult>0</difficult>
		<occluded>0</occluded>
		<bndbox>
			<xmin>207</xmin>
			<xmax>616</xmax>
			<ymin>24</ymin>
			<ymax>279</ymax>
		</bndbox>
	</object>
</annotation>
