<annotation>
	<folder></folder>
	<filename>hijab-0914_jpg.rf.20234ac7246f2953b1796e60880906ce.jpg</filename>
	<path>hijab-0914_jpg.rf.20234ac7246f2953b1796e60880906ce.jpg</path>
	<source>
		<database>roboflow.ai</database>
	</source>
	<size>
		<width>640</width>
		<height>640</height>
		<depth>3</depth>
	</size>
	<segmented>0</segmented>
	<object>
		<name>head</name>
		<pose>Unspecified</pose>
		<truncated>0</truncated>
		<difficult>0</difficult>
		<occluded>0</occluded>
		<bndbox>
			<xmin>165</xmin>
			<xmax>487</xmax>
			<ymin>40</ymin>
			<ymax>294</ymax>
		</bndbox>
	</object>
</annotation>
