<annotation>
	<folder></folder>
	<filename>hijab-1114_jpg.rf.24565332937a2287d2ac27a4a7b6ecdb.jpg</filename>
	<path>hijab-1114_jpg.rf.24565332937a2287d2ac27a4a7b6ecdb.jpg</path>
	<source>
		<database>roboflow.ai</database>
	</source>
	<size>
		<width>640</width>
		<height>640</height>
		<depth>3</depth>
	</size>
	<segmented>0</segmented>
	<object>
		<name>head</name>
		<pose>Unspecified</pose>
		<truncated>0</truncated>
		<difficult>0</difficult>
		<occluded>0</occluded>
		<bndbox>
			<xmin>154</xmin>
			<xmax>454</xmax>
			<ymin>32</ymin>
			<ymax>263</ymax>
		</bndbox>
	</object>
</annotation>
