<annotation>
	<folder></folder>
	<filename>hijab-1058_jpg.rf.dd7f4b6f0a3c876c101381b8af266989.jpg</filename>
	<path>hijab-1058_jpg.rf.dd7f4b6f0a3c876c101381b8af266989.jpg</path>
	<source>
		<database>roboflow.ai</database>
	</source>
	<size>
		<width>640</width>
		<height>640</height>
		<depth>3</depth>
	</size>
	<segmented>0</segmented>
	<object>
		<name>head</name>
		<pose>Unspecified</pose>
		<truncated>0</truncated>
		<difficult>0</difficult>
		<occluded>0</occluded>
		<bndbox>
			<xmin>143</xmin>
			<xmax>478</xmax>
			<ymin>28</ymin>
			<ymax>300</ymax>
		</bndbox>
	</object>
</annotation>
