<annotation>
	<folder></folder>
	<filename>hijab-0053_jpg.rf.38a8bad663a30d21f7339078d03aff2f.jpg</filename>
	<path>hijab-0053_jpg.rf.38a8bad663a30d21f7339078d03aff2f.jpg</path>
	<source>
		<database>roboflow.ai</database>
	</source>
	<size>
		<width>640</width>
		<height>640</height>
		<depth>3</depth>
	</size>
	<segmented>0</segmented>
	<object>
		<name>head</name>
		<pose>Unspecified</pose>
		<truncated>0</truncated>
		<difficult>0</difficult>
		<occluded>0</occluded>
		<bndbox>
			<xmin>52</xmin>
			<xmax>482</xmax>
			<ymin>30</ymin>
			<ymax>294</ymax>
		</bndbox>
	</object>
</annotation>
