<annotation>
	<folder></folder>
	<filename>hijab-0921_jpg.rf.633749766c1a428d13416a545b25f39f.jpg</filename>
	<path>hijab-0921_jpg.rf.633749766c1a428d13416a545b25f39f.jpg</path>
	<source>
		<database>roboflow.ai</database>
	</source>
	<size>
		<width>640</width>
		<height>640</height>
		<depth>3</depth>
	</size>
	<segmented>0</segmented>
	<object>
		<name>head</name>
		<pose>Unspecified</pose>
		<truncated>0</truncated>
		<difficult>0</difficult>
		<occluded>0</occluded>
		<bndbox>
			<xmin>90</xmin>
			<xmax>514</xmax>
			<ymin>22</ymin>
			<ymax>322</ymax>
		</bndbox>
	</object>
</annotation>
