<annotation>
	<folder></folder>
	<filename>hijab-0080_jpg.rf.804e5f4dc56e27d6b0ade0cb03ffedb7.jpg</filename>
	<path>hijab-0080_jpg.rf.804e5f4dc56e27d6b0ade0cb03ffedb7.jpg</path>
	<source>
		<database>roboflow.ai</database>
	</source>
	<size>
		<width>640</width>
		<height>640</height>
		<depth>3</depth>
	</size>
	<segmented>0</segmented>
	<object>
		<name>head</name>
		<pose>Unspecified</pose>
		<truncated>0</truncated>
		<difficult>0</difficult>
		<occluded>0</occluded>
		<bndbox>
			<xmin>149</xmin>
			<xmax>545</xmax>
			<ymin>5</ymin>
			<ymax>290</ymax>
		</bndbox>
	</object>
</annotation>
