<annotation>
	<folder></folder>
	<filename>hijab-0603_jpg.rf.dc2d618336f8addd38aa24ca067d59f0.jpg</filename>
	<path>hijab-0603_jpg.rf.dc2d618336f8addd38aa24ca067d59f0.jpg</path>
	<source>
		<database>roboflow.ai</database>
	</source>
	<size>
		<width>640</width>
		<height>640</height>
		<depth>3</depth>
	</size>
	<segmented>0</segmented>
	<object>
		<name>head</name>
		<pose>Unspecified</pose>
		<truncated>0</truncated>
		<difficult>0</difficult>
		<occluded>0</occluded>
		<bndbox>
			<xmin>120</xmin>
			<xmax>506</xmax>
			<ymin>18</ymin>
			<ymax>276</ymax>
		</bndbox>
	</object>
</annotation>
