<annotation>
	<folder></folder>
	<filename>hijab-1649_jpg.rf.04de8d4be5fc9ec7afbeb578cc1213bc.jpg</filename>
	<path>hijab-1649_jpg.rf.04de8d4be5fc9ec7afbeb578cc1213bc.jpg</path>
	<source>
		<database>roboflow.ai</database>
	</source>
	<size>
		<width>640</width>
		<height>640</height>
		<depth>3</depth>
	</size>
	<segmented>0</segmented>
	<object>
		<name>head</name>
		<pose>Unspecified</pose>
		<truncated>0</truncated>
		<difficult>0</difficult>
		<occluded>0</occluded>
		<bndbox>
			<xmin>170</xmin>
			<xmax>481</xmax>
			<ymin>23</ymin>
			<ymax>270</ymax>
		</bndbox>
	</object>
</annotation>
