<annotation>
	<folder></folder>
	<filename>hijab-1488_jpg.rf.648c6c6b1df92a66a85ae56fc8fd1c0b.jpg</filename>
	<path>hijab-1488_jpg.rf.648c6c6b1df92a66a85ae56fc8fd1c0b.jpg</path>
	<source>
		<database>roboflow.ai</database>
	</source>
	<size>
		<width>640</width>
		<height>640</height>
		<depth>3</depth>
	</size>
	<segmented>0</segmented>
	<object>
		<name>head</name>
		<pose>Unspecified</pose>
		<truncated>0</truncated>
		<difficult>0</difficult>
		<occluded>0</occluded>
		<bndbox>
			<xmin>64</xmin>
			<xmax>520</xmax>
			<ymin>16</ymin>
			<ymax>296</ymax>
		</bndbox>
	</object>
</annotation>
