<annotation>
	<folder></folder>
	<filename>hijab-2379_jpg.rf.2b6dba5e7668dd6f9275f98ccbe6b96b.jpg</filename>
	<path>hijab-2379_jpg.rf.2b6dba5e7668dd6f9275f98ccbe6b96b.jpg</path>
	<source>
		<database>roboflow.ai</database>
	</source>
	<size>
		<width>640</width>
		<height>640</height>
		<depth>3</depth>
	</size>
	<segmented>0</segmented>
	<object>
		<name>head</name>
		<pose>Unspecified</pose>
		<truncated>0</truncated>
		<difficult>0</difficult>
		<occluded>0</occluded>
		<bndbox>
			<xmin>168</xmin>
			<xmax>481</xmax>
			<ymin>26</ymin>
			<ymax>286</ymax>
		</bndbox>
	</object>
</annotation>
