<annotation>
	<folder></folder>
	<filename>hijab-3096_jpg.rf.9b3fd28654f5d6817042fb68257cd9df.jpg</filename>
	<path>hijab-3096_jpg.rf.9b3fd28654f5d6817042fb68257cd9df.jpg</path>
	<source>
		<database>roboflow.ai</database>
	</source>
	<size>
		<width>640</width>
		<height>640</height>
		<depth>3</depth>
	</size>
	<segmented>0</segmented>
	<object>
		<name>head</name>
		<pose>Unspecified</pose>
		<truncated>0</truncated>
		<difficult>0</difficult>
		<occluded>0</occluded>
		<bndbox>
			<xmin>129</xmin>
			<xmax>490</xmax>
			<ymin>27</ymin>
			<ymax>316</ymax>
		</bndbox>
	</object>
</annotation>
