<annotation>
	<folder></folder>
	<filename>hijab-2580_jpg.rf.b39f4af9aff7030bd7ff93d5132dafeb.jpg</filename>
	<path>hijab-2580_jpg.rf.b39f4af9aff7030bd7ff93d5132dafeb.jpg</path>
	<source>
		<database>roboflow.ai</database>
	</source>
	<size>
		<width>640</width>
		<height>640</height>
		<depth>3</depth>
	</size>
	<segmented>0</segmented>
	<object>
		<name>head</name>
		<pose>Unspecified</pose>
		<truncated>0</truncated>
		<difficult>0</difficult>
		<occluded>0</occluded>
		<bndbox>
			<xmin>114</xmin>
			<xmax>507</xmax>
			<ymin>11</ymin>
			<ymax>304</ymax>
		</bndbox>
	</object>
</annotation>
