<annotation>
	<folder></folder>
	<filename>hijab-2052_jpg.rf.6bb5bd5d276071f9152421acdfba4f4b.jpg</filename>
	<path>hijab-2052_jpg.rf.6bb5bd5d276071f9152421acdfba4f4b.jpg</path>
	<source>
		<database>roboflow.ai</database>
	</source>
	<size>
		<width>640</width>
		<height>640</height>
		<depth>3</depth>
	</size>
	<segmented>0</segmented>
	<object>
		<name>head</name>
		<pose>Unspecified</pose>
		<truncated>0</truncated>
		<difficult>0</difficult>
		<occluded>0</occluded>
		<bndbox>
			<xmin>126</xmin>
			<xmax>487</xmax>
			<ymin>21</ymin>
			<ymax>294</ymax>
		</bndbox>
	</object>
</annotation>
