<annotation>
	<folder></folder>
	<filename>hijab-1230_jpg.rf.8674b94a63607d114ba3c938314843b4.jpg</filename>
	<path>hijab-1230_jpg.rf.8674b94a63607d114ba3c938314843b4.jpg</path>
	<source>
		<database>roboflow.ai</database>
	</source>
	<size>
		<width>640</width>
		<height>640</height>
		<depth>3</depth>
	</size>
	<segmented>0</segmented>
	<object>
		<name>head</name>
		<pose>Unspecified</pose>
		<truncated>0</truncated>
		<difficult>0</difficult>
		<occluded>0</occluded>
		<bndbox>
			<xmin>115</xmin>
			<xmax>521</xmax>
			<ymin>21</ymin>
			<ymax>305</ymax>
		</bndbox>
	</object>
</annotation>
