<annotation>
	<folder></folder>
	<filename>hijab-1137_jpg.rf.6292c51b7f4e7bb0b49227f7f93d1775.jpg</filename>
	<path>hijab-1137_jpg.rf.6292c51b7f4e7bb0b49227f7f93d1775.jpg</path>
	<source>
		<database>roboflow.ai</database>
	</source>
	<size>
		<width>640</width>
		<height>640</height>
		<depth>3</depth>
	</size>
	<segmented>0</segmented>
	<object>
		<name>head</name>
		<pose>Unspecified</pose>
		<truncated>0</truncated>
		<difficult>0</difficult>
		<occluded>0</occluded>
		<bndbox>
			<xmin>153</xmin>
			<xmax>512</xmax>
			<ymin>3</ymin>
			<ymax>277</ymax>
		</bndbox>
	</object>
</annotation>
