<annotation>
	<folder></folder>
	<filename>hijab-0781_jpg.rf.5ddb7177725c984dc449cfe3414deb86.jpg</filename>
	<path>hijab-0781_jpg.rf.5ddb7177725c984dc449cfe3414deb86.jpg</path>
	<source>
		<database>roboflow.ai</database>
	</source>
	<size>
		<width>640</width>
		<height>640</height>
		<depth>3</depth>
	</size>
	<segmented>0</segmented>
	<object>
		<name>head</name>
		<pose>Unspecified</pose>
		<truncated>0</truncated>
		<difficult>0</difficult>
		<occluded>0</occluded>
		<bndbox>
			<xmin>105</xmin>
			<xmax>517</xmax>
			<ymin>17</ymin>
			<ymax>308</ymax>
		</bndbox>
	</object>
</annotation>
