<annotation>
	<folder></folder>
	<filename>hijab-2338_jpg.rf.0af774e6533bef7b5d06875f93c2f911.jpg</filename>
	<path>hijab-2338_jpg.rf.0af774e6533bef7b5d06875f93c2f911.jpg</path>
	<source>
		<database>roboflow.ai</database>
	</source>
	<size>
		<width>640</width>
		<height>640</height>
		<depth>3</depth>
	</size>
	<segmented>0</segmented>
	<object>
		<name>head</name>
		<pose>Unspecified</pose>
		<truncated>0</truncated>
		<difficult>0</difficult>
		<occluded>0</occluded>
		<bndbox>
			<xmin>189</xmin>
			<xmax>566</xmax>
			<ymin>10</ymin>
			<ymax>307</ymax>
		</bndbox>
	</object>
</annotation>
