<annotation>
	<folder></folder>
	<filename>hijab-1943_jpg.rf.e31b6eca992af7539262ab393bff9b5d.jpg</filename>
	<path>hijab-1943_jpg.rf.e31b6eca992af7539262ab393bff9b5d.jpg</path>
	<source>
		<database>roboflow.ai</database>
	</source>
	<size>
		<width>640</width>
		<height>640</height>
		<depth>3</depth>
	</size>
	<segmented>0</segmented>
	<object>
		<name>head</name>
		<pose>Unspecified</pose>
		<truncated>0</truncated>
		<difficult>0</difficult>
		<occluded>0</occluded>
		<bndbox>
			<xmin>187</xmin>
			<xmax>641</xmax>
			<ymin>40</ymin>
			<ymax>324</ymax>
		</bndbox>
	</object>
</annotation>
