<annotation>
	<folder></folder>
	<filename>hijab-2309_jpg.rf.06340b8fc81180e828691491bca89741.jpg</filename>
	<path>hijab-2309_jpg.rf.06340b8fc81180e828691491bca89741.jpg</path>
	<source>
		<database>roboflow.ai</database>
	</source>
	<size>
		<width>640</width>
		<height>640</height>
		<depth>3</depth>
	</size>
	<segmented>0</segmented>
	<object>
		<name>head</name>
		<pose>Unspecified</pose>
		<truncated>0</truncated>
		<difficult>0</difficult>
		<occluded>0</occluded>
		<bndbox>
			<xmin>35</xmin>
			<xmax>414</xmax>
			<ymin>34</ymin>
			<ymax>299</ymax>
		</bndbox>
	</object>
</annotation>
