<annotation>
	<folder></folder>
	<filename>hijab-2231_jpg.rf.d3645d9fb784ce2560384d4557912f5a.jpg</filename>
	<path>hijab-2231_jpg.rf.d3645d9fb784ce2560384d4557912f5a.jpg</path>
	<source>
		<database>roboflow.ai</database>
	</source>
	<size>
		<width>640</width>
		<height>640</height>
		<depth>3</depth>
	</size>
	<segmented>0</segmented>
	<object>
		<name>head</name>
		<pose>Unspecified</pose>
		<truncated>0</truncated>
		<difficult>0</difficult>
		<occluded>0</occluded>
		<bndbox>
			<xmin>115</xmin>
			<xmax>433</xmax>
			<ymin>38</ymin>
			<ymax>295</ymax>
		</bndbox>
	</object>
</annotation>
