<annotation>
	<folder></folder>
	<filename>hijab-1019_jpg.rf.67e1d5ff881740707289ab795a730c2b.jpg</filename>
	<path>hijab-1019_jpg.rf.67e1d5ff881740707289ab795a730c2b.jpg</path>
	<source>
		<database>roboflow.ai</database>
	</source>
	<size>
		<width>640</width>
		<height>640</height>
		<depth>3</depth>
	</size>
	<segmented>0</segmented>
	<object>
		<name>head</name>
		<pose>Unspecified</pose>
		<truncated>0</truncated>
		<difficult>0</difficult>
		<occluded>0</occluded>
		<bndbox>
			<xmin>98</xmin>
			<xmax>452</xmax>
			<ymin>21</ymin>
			<ymax>281</ymax>
		</bndbox>
	</object>
</annotation>
