<annotation>
	<folder></folder>
	<filename>hijab-0193_jpg.rf.55fca331bed98ac70f28244264f9c318.jpg</filename>
	<path>hijab-0193_jpg.rf.55fca331bed98ac70f28244264f9c318.jpg</path>
	<source>
		<database>roboflow.ai</database>
	</source>
	<size>
		<width>640</width>
		<height>640</height>
		<depth>3</depth>
	</size>
	<segmented>0</segmented>
	<object>
		<name>head</name>
		<pose>Unspecified</pose>
		<truncated>0</truncated>
		<difficult>0</difficult>
		<occluded>0</occluded>
		<bndbox>
			<xmin>130</xmin>
			<xmax>505</xmax>
			<ymin>17</ymin>
			<ymax>303</ymax>
		</bndbox>
	</object>
</annotation>
