<annotation>
	<folder></folder>
	<filename>hijab-2444_jpg.rf.b828ba580878eb414f039f0bbd799823.jpg</filename>
	<path>hijab-2444_jpg.rf.b828ba580878eb414f039f0bbd799823.jpg</path>
	<source>
		<database>roboflow.ai</database>
	</source>
	<size>
		<width>640</width>
		<height>640</height>
		<depth>3</depth>
	</size>
	<segmented>0</segmented>
	<object>
		<name>head</name>
		<pose>Unspecified</pose>
		<truncated>0</truncated>
		<difficult>0</difficult>
		<occluded>0</occluded>
		<bndbox>
			<xmin>175</xmin>
			<xmax>467</xmax>
			<ymin>42</ymin>
			<ymax>265</ymax>
		</bndbox>
	</object>
</annotation>
