<annotation>
	<folder></folder>
	<filename>hijab-2670_jpg.rf.da9b6cf28862e54b006b58e219331778.jpg</filename>
	<path>hijab-2670_jpg.rf.da9b6cf28862e54b006b58e219331778.jpg</path>
	<source>
		<database>roboflow.ai</database>
	</source>
	<size>
		<width>640</width>
		<height>640</height>
		<depth>3</depth>
	</size>
	<segmented>0</segmented>
	<object>
		<name>head</name>
		<pose>Unspecified</pose>
		<truncated>0</truncated>
		<difficult>0</difficult>
		<occluded>0</occluded>
		<bndbox>
			<xmin>144</xmin>
			<xmax>495</xmax>
			<ymin>23</ymin>
			<ymax>295</ymax>
		</bndbox>
	</object>
</annotation>
