<annotation>
	<folder></folder>
	<filename>hijab-1879_jpg.rf.9e9b861b1c542e2d4a576478b993a5fc.jpg</filename>
	<path>hijab-1879_jpg.rf.9e9b861b1c542e2d4a576478b993a5fc.jpg</path>
	<source>
		<database>roboflow.ai</database>
	</source>
	<size>
		<width>640</width>
		<height>640</height>
		<depth>3</depth>
	</size>
	<segmented>0</segmented>
	<object>
		<name>head</name>
		<pose>Unspecified</pose>
		<truncated>0</truncated>
		<difficult>0</difficult>
		<occluded>0</occluded>
		<bndbox>
			<xmin>153</xmin>
			<xmax>475</xmax>
			<ymin>16</ymin>
			<ymax>283</ymax>
		</bndbox>
	</object>
</annotation>
