<annotation>
	<folder></folder>
	<filename>hijab-1395_jpg.rf.8da9ca2af55fdb0133da0973d378a975.jpg</filename>
	<path>hijab-1395_jpg.rf.8da9ca2af55fdb0133da0973d378a975.jpg</path>
	<source>
		<database>roboflow.ai</database>
	</source>
	<size>
		<width>640</width>
		<height>640</height>
		<depth>3</depth>
	</size>
	<segmented>0</segmented>
	<object>
		<name>head</name>
		<pose>Unspecified</pose>
		<truncated>0</truncated>
		<difficult>0</difficult>
		<occluded>0</occluded>
		<bndbox>
			<xmin>55</xmin>
			<xmax>622</xmax>
			<ymin>30</ymin>
			<ymax>391</ymax>
		</bndbox>
	</object>
</annotation>
