<annotation>
	<folder></folder>
	<filename>hijab-1883_jpg.rf.edd950d6b59f9ebef28aba44552bbcce.jpg</filename>
	<path>hijab-1883_jpg.rf.edd950d6b59f9ebef28aba44552bbcce.jpg</path>
	<source>
		<database>roboflow.ai</database>
	</source>
	<size>
		<width>640</width>
		<height>640</height>
		<depth>3</depth>
	</size>
	<segmented>0</segmented>
	<object>
		<name>head</name>
		<pose>Unspecified</pose>
		<truncated>0</truncated>
		<difficult>0</difficult>
		<occluded>0</occluded>
		<bndbox>
			<xmin>180</xmin>
			<xmax>632</xmax>
			<ymin>6</ymin>
			<ymax>296</ymax>
		</bndbox>
	</object>
</annotation>
