<annotation>
	<folder></folder>
	<filename>hijab-0697_jpg.rf.126de89ebe326936a60d9f5bcba741de.jpg</filename>
	<path>hijab-0697_jpg.rf.126de89ebe326936a60d9f5bcba741de.jpg</path>
	<source>
		<database>roboflow.ai</database>
	</source>
	<size>
		<width>640</width>
		<height>640</height>
		<depth>3</depth>
	</size>
	<segmented>0</segmented>
	<object>
		<name>head</name>
		<pose>Unspecified</pose>
		<truncated>0</truncated>
		<difficult>0</difficult>
		<occluded>0</occluded>
		<bndbox>
			<xmin>166</xmin>
			<xmax>510</xmax>
			<ymin>40</ymin>
			<ymax>288</ymax>
		</bndbox>
	</object>
</annotation>
