<annotation>
	<folder></folder>
	<filename>hijab-2810_jpg.rf.448a0c24d5c3329708a80edf83f711a0.jpg</filename>
	<path>hijab-2810_jpg.rf.448a0c24d5c3329708a80edf83f711a0.jpg</path>
	<source>
		<database>roboflow.ai</database>
	</source>
	<size>
		<width>640</width>
		<height>640</height>
		<depth>3</depth>
	</size>
	<segmented>0</segmented>
	<object>
		<name>head</name>
		<pose>Unspecified</pose>
		<truncated>0</truncated>
		<difficult>0</difficult>
		<occluded>0</occluded>
		<bndbox>
			<xmin>187</xmin>
			<xmax>479</xmax>
			<ymin>14</ymin>
			<ymax>286</ymax>
		</bndbox>
	</object>
</annotation>
