<annotation>
	<folder></folder>
	<filename>hijab-1501_jpg.rf.024405e0301a6a7af71c8d73afa0d846.jpg</filename>
	<path>hijab-1501_jpg.rf.024405e0301a6a7af71c8d73afa0d846.jpg</path>
	<source>
		<database>roboflow.ai</database>
	</source>
	<size>
		<width>640</width>
		<height>640</height>
		<depth>3</depth>
	</size>
	<segmented>0</segmented>
	<object>
		<name>head</name>
		<pose>Unspecified</pose>
		<truncated>0</truncated>
		<difficult>0</difficult>
		<occluded>0</occluded>
		<bndbox>
			<xmin>210</xmin>
			<xmax>598</xmax>
			<ymin>8</ymin>
			<ymax>300</ymax>
		</bndbox>
	</object>
</annotation>
