<annotation>
	<folder></folder>
	<filename>hijab-2595_jpg.rf.cd941227c1cbc45aea602d20f2464ebd.jpg</filename>
	<path>hijab-2595_jpg.rf.cd941227c1cbc45aea602d20f2464ebd.jpg</path>
	<source>
		<database>roboflow.ai</database>
	</source>
	<size>
		<width>640</width>
		<height>640</height>
		<depth>3</depth>
	</size>
	<segmented>0</segmented>
	<object>
		<name>head</name>
		<pose>Unspecified</pose>
		<truncated>0</truncated>
		<difficult>0</difficult>
		<occluded>0</occluded>
		<bndbox>
			<xmin>143</xmin>
			<xmax>504</xmax>
			<ymin>19</ymin>
			<ymax>304</ymax>
		</bndbox>
	</object>
</annotation>
