<annotation>
	<folder></folder>
	<filename>hijab-1911_jpg.rf.e5b1e20b30ab264cd3f2d7d05b3f891a.jpg</filename>
	<path>hijab-1911_jpg.rf.e5b1e20b30ab264cd3f2d7d05b3f891a.jpg</path>
	<source>
		<database>roboflow.ai</database>
	</source>
	<size>
		<width>640</width>
		<height>640</height>
		<depth>3</depth>
	</size>
	<segmented>0</segmented>
	<object>
		<name>head</name>
		<pose>Unspecified</pose>
		<truncated>0</truncated>
		<difficult>0</difficult>
		<occluded>0</occluded>
		<bndbox>
			<xmin>233</xmin>
			<xmax>641</xmax>
			<ymin>23</ymin>
			<ymax>301</ymax>
		</bndbox>
	</object>
</annotation>
