<annotation>
	<folder></folder>
	<filename>hijab-1005_jpg.rf.395674cc9711502ee83610e538837767.jpg</filename>
	<path>hijab-1005_jpg.rf.395674cc9711502ee83610e538837767.jpg</path>
	<source>
		<database>roboflow.ai</database>
	</source>
	<size>
		<width>640</width>
		<height>640</height>
		<depth>3</depth>
	</size>
	<segmented>0</segmented>
	<object>
		<name>head</name>
		<pose>Unspecified</pose>
		<truncated>0</truncated>
		<difficult>0</difficult>
		<occluded>0</occluded>
		<bndbox>
			<xmin>90</xmin>
			<xmax>449</xmax>
			<ymin>19</ymin>
			<ymax>299</ymax>
		</bndbox>
	</object>
</annotation>
