<annotation>
	<folder></folder>
	<filename>hijab-0440_jpg.rf.dfc631eab8e954904f48947ccc2073fb.jpg</filename>
	<path>hijab-0440_jpg.rf.dfc631eab8e954904f48947ccc2073fb.jpg</path>
	<source>
		<database>roboflow.ai</database>
	</source>
	<size>
		<width>640</width>
		<height>640</height>
		<depth>3</depth>
	</size>
	<segmented>0</segmented>
	<object>
		<name>head</name>
		<pose>Unspecified</pose>
		<truncated>0</truncated>
		<difficult>0</difficult>
		<occluded>0</occluded>
		<bndbox>
			<xmin>166</xmin>
			<xmax>491</xmax>
			<ymin>8</ymin>
			<ymax>294</ymax>
		</bndbox>
	</object>
</annotation>
