<annotation>
	<folder></folder>
	<filename>hijab-2037_jpg.rf.98d114722e257a32bff78e0ad4b17b34.jpg</filename>
	<path>hijab-2037_jpg.rf.98d114722e257a32bff78e0ad4b17b34.jpg</path>
	<source>
		<database>roboflow.ai</database>
	</source>
	<size>
		<width>640</width>
		<height>640</height>
		<depth>3</depth>
	</size>
	<segmented>0</segmented>
	<object>
		<name>head</name>
		<pose>Unspecified</pose>
		<truncated>0</truncated>
		<difficult>0</difficult>
		<occluded>0</occluded>
		<bndbox>
			<xmin>127</xmin>
			<xmax>524</xmax>
			<ymin>29</ymin>
			<ymax>316</ymax>
		</bndbox>
	</object>
</annotation>
