<annotation>
	<folder></folder>
	<filename>hijab-0539_jpg.rf.eb0150de61f273ffc804ba2a871e478a.jpg</filename>
	<path>hijab-0539_jpg.rf.eb0150de61f273ffc804ba2a871e478a.jpg</path>
	<source>
		<database>roboflow.ai</database>
	</source>
	<size>
		<width>640</width>
		<height>640</height>
		<depth>3</depth>
	</size>
	<segmented>0</segmented>
	<object>
		<name>head</name>
		<pose>Unspecified</pose>
		<truncated>0</truncated>
		<difficult>0</difficult>
		<occluded>0</occluded>
		<bndbox>
			<xmin>163</xmin>
			<xmax>495</xmax>
			<ymin>50</ymin>
			<ymax>291</ymax>
		</bndbox>
	</object>
</annotation>
