<annotation>
	<folder></folder>
	<filename>hijab-2106_jpg.rf.e20662f2e97d085c71618d31c2b48acd.jpg</filename>
	<path>hijab-2106_jpg.rf.e20662f2e97d085c71618d31c2b48acd.jpg</path>
	<source>
		<database>roboflow.ai</database>
	</source>
	<size>
		<width>640</width>
		<height>640</height>
		<depth>3</depth>
	</size>
	<segmented>0</segmented>
	<object>
		<name>head</name>
		<pose>Unspecified</pose>
		<truncated>0</truncated>
		<difficult>0</difficult>
		<occluded>0</occluded>
		<bndbox>
			<xmin>145</xmin>
			<xmax>469</xmax>
			<ymin>17</ymin>
			<ymax>271</ymax>
		</bndbox>
	</object>
</annotation>
