<annotation>
	<folder></folder>
	<filename>hijab-2462_jpg.rf.b1209c7853bc7c31e6e8ff3dcc27afdf.jpg</filename>
	<path>hijab-2462_jpg.rf.b1209c7853bc7c31e6e8ff3dcc27afdf.jpg</path>
	<source>
		<database>roboflow.ai</database>
	</source>
	<size>
		<width>640</width>
		<height>640</height>
		<depth>3</depth>
	</size>
	<segmented>0</segmented>
	<object>
		<name>head</name>
		<pose>Unspecified</pose>
		<truncated>0</truncated>
		<difficult>0</difficult>
		<occluded>0</occluded>
		<bndbox>
			<xmin>192</xmin>
			<xmax>541</xmax>
			<ymin>30</ymin>
			<ymax>297</ymax>
		</bndbox>
	</object>
</annotation>
