<annotation>
	<folder></folder>
	<filename>hijab-2556_jpg.rf.1fb7b7f35df68d523447230448f248ed.jpg</filename>
	<path>hijab-2556_jpg.rf.1fb7b7f35df68d523447230448f248ed.jpg</path>
	<source>
		<database>roboflow.ai</database>
	</source>
	<size>
		<width>640</width>
		<height>640</height>
		<depth>3</depth>
	</size>
	<segmented>0</segmented>
	<object>
		<name>head</name>
		<pose>Unspecified</pose>
		<truncated>0</truncated>
		<difficult>0</difficult>
		<occluded>0</occluded>
		<bndbox>
			<xmin>89</xmin>
			<xmax>531</xmax>
			<ymin>27</ymin>
			<ymax>304</ymax>
		</bndbox>
	</object>
</annotation>
