<annotation>
	<folder></folder>
	<filename>hijab-2961_jpg.rf.956f6aa8b0264a8d86b61847155bddb5.jpg</filename>
	<path>hijab-2961_jpg.rf.956f6aa8b0264a8d86b61847155bddb5.jpg</path>
	<source>
		<database>roboflow.ai</database>
	</source>
	<size>
		<width>640</width>
		<height>640</height>
		<depth>3</depth>
	</size>
	<segmented>0</segmented>
	<object>
		<name>head</name>
		<pose>Unspecified</pose>
		<truncated>0</truncated>
		<difficult>0</difficult>
		<occluded>0</occluded>
		<bndbox>
			<xmin>176</xmin>
			<xmax>505</xmax>
			<ymin>30</ymin>
			<ymax>292</ymax>
		</bndbox>
	</object>
</annotation>
