<annotation>
	<folder></folder>
	<filename>hijab-0641_jpg.rf.79fd1deeea273b10cc908c2611656079.jpg</filename>
	<path>hijab-0641_jpg.rf.79fd1deeea273b10cc908c2611656079.jpg</path>
	<source>
		<database>roboflow.ai</database>
	</source>
	<size>
		<width>640</width>
		<height>640</height>
		<depth>3</depth>
	</size>
	<segmented>0</segmented>
	<object>
		<name>head</name>
		<pose>Unspecified</pose>
		<truncated>0</truncated>
		<difficult>0</difficult>
		<occluded>0</occluded>
		<bndbox>
			<xmin>157</xmin>
			<xmax>516</xmax>
			<ymin>30</ymin>
			<ymax>288</ymax>
		</bndbox>
	</object>
</annotation>
