<annotation>
	<folder></folder>
	<filename>hijab-2578_jpg.rf.bf1e05daaa84d633c45659f7fad1249e.jpg</filename>
	<path>hijab-2578_jpg.rf.bf1e05daaa84d633c45659f7fad1249e.jpg</path>
	<source>
		<database>roboflow.ai</database>
	</source>
	<size>
		<width>640</width>
		<height>640</height>
		<depth>3</depth>
	</size>
	<segmented>0</segmented>
	<object>
		<name>head</name>
		<pose>Unspecified</pose>
		<truncated>0</truncated>
		<difficult>0</difficult>
		<occluded>0</occluded>
		<bndbox>
			<xmin>120</xmin>
			<xmax>487</xmax>
			<ymin>4</ymin>
			<ymax>308</ymax>
		</bndbox>
	</object>
</annotation>
