<annotation>
	<folder></folder>
	<filename>hijab-0512_jpg.rf.abd2e34ba5d3c16f183cf149721b42cd.jpg</filename>
	<path>hijab-0512_jpg.rf.abd2e34ba5d3c16f183cf149721b42cd.jpg</path>
	<source>
		<database>roboflow.ai</database>
	</source>
	<size>
		<width>640</width>
		<height>640</height>
		<depth>3</depth>
	</size>
	<segmented>0</segmented>
	<object>
		<name>head</name>
		<pose>Unspecified</pose>
		<truncated>0</truncated>
		<difficult>0</difficult>
		<occluded>0</occluded>
		<bndbox>
			<xmin>140</xmin>
			<xmax>540</xmax>
			<ymin>27</ymin>
			<ymax>299</ymax>
		</bndbox>
	</object>
</annotation>
