<annotation>
	<folder></folder>
	<filename>hijab-0842_jpg.rf.0c55e034fe1798c387378d4d6f0c9459.jpg</filename>
	<path>hijab-0842_jpg.rf.0c55e034fe1798c387378d4d6f0c9459.jpg</path>
	<source>
		<database>roboflow.ai</database>
	</source>
	<size>
		<width>640</width>
		<height>640</height>
		<depth>3</depth>
	</size>
	<segmented>0</segmented>
	<object>
		<name>head</name>
		<pose>Unspecified</pose>
		<truncated>0</truncated>
		<difficult>0</difficult>
		<occluded>0</occluded>
		<bndbox>
			<xmin>182</xmin>
			<xmax>498</xmax>
			<ymin>22</ymin>
			<ymax>255</ymax>
		</bndbox>
	</object>
</annotation>
