<annotation>
	<folder></folder>
	<filename>hijab-2332_jpg.rf.ab8c0f54d7a5e166483ea855b739c92d.jpg</filename>
	<path>hijab-2332_jpg.rf.ab8c0f54d7a5e166483ea855b739c92d.jpg</path>
	<source>
		<database>roboflow.ai</database>
	</source>
	<size>
		<width>640</width>
		<height>640</height>
		<depth>3</depth>
	</size>
	<segmented>0</segmented>
	<object>
		<name>head</name>
		<pose>Unspecified</pose>
		<truncated>0</truncated>
		<difficult>0</difficult>
		<occluded>0</occluded>
		<bndbox>
			<xmin>62</xmin>
			<xmax>437</xmax>
			<ymin>20</ymin>
			<ymax>304</ymax>
		</bndbox>
	</object>
</annotation>
