<annotation>
	<folder></folder>
	<filename>hijab-1818_jpg.rf.fcbeb25fb0e65d9334ff1589d97d1f3a.jpg</filename>
	<path>hijab-1818_jpg.rf.fcbeb25fb0e65d9334ff1589d97d1f3a.jpg</path>
	<source>
		<database>roboflow.ai</database>
	</source>
	<size>
		<width>640</width>
		<height>640</height>
		<depth>3</depth>
	</size>
	<segmented>0</segmented>
	<object>
		<name>head</name>
		<pose>Unspecified</pose>
		<truncated>0</truncated>
		<difficult>0</difficult>
		<occluded>0</occluded>
		<bndbox>
			<xmin>185</xmin>
			<xmax>641</xmax>
			<ymin>16</ymin>
			<ymax>286</ymax>
		</bndbox>
	</object>
</annotation>
