<annotation>
	<folder></folder>
	<filename>hijab-1670_jpg.rf.3faf921b21bbf7fa7d236d961809a2ab.jpg</filename>
	<path>hijab-1670_jpg.rf.3faf921b21bbf7fa7d236d961809a2ab.jpg</path>
	<source>
		<database>roboflow.ai</database>
	</source>
	<size>
		<width>640</width>
		<height>640</height>
		<depth>3</depth>
	</size>
	<segmented>0</segmented>
	<object>
		<name>head</name>
		<pose>Unspecified</pose>
		<truncated>0</truncated>
		<difficult>0</difficult>
		<occluded>0</occluded>
		<bndbox>
			<xmin>195</xmin>
			<xmax>628</xmax>
			<ymin>1</ymin>
			<ymax>292</ymax>
		</bndbox>
	</object>
</annotation>
