<annotation>
	<folder></folder>
	<filename>hijab-0763_jpg.rf.87a0344277524598a8ae876d689bb360.jpg</filename>
	<path>hijab-0763_jpg.rf.87a0344277524598a8ae876d689bb360.jpg</path>
	<source>
		<database>roboflow.ai</database>
	</source>
	<size>
		<width>640</width>
		<height>640</height>
		<depth>3</depth>
	</size>
	<segmented>0</segmented>
	<object>
		<name>head</name>
		<pose>Unspecified</pose>
		<truncated>0</truncated>
		<difficult>0</difficult>
		<occluded>0</occluded>
		<bndbox>
			<xmin>134</xmin>
			<xmax>489</xmax>
			<ymin>23</ymin>
			<ymax>292</ymax>
		</bndbox>
	</object>
</annotation>
