<annotation>
	<folder></folder>
	<filename>hijab-1572_jpg.rf.9a3e6bccb15a15e275a740bde64635ea.jpg</filename>
	<path>hijab-1572_jpg.rf.9a3e6bccb15a15e275a740bde64635ea.jpg</path>
	<source>
		<database>roboflow.ai</database>
	</source>
	<size>
		<width>640</width>
		<height>640</height>
		<depth>3</depth>
	</size>
	<segmented>0</segmented>
	<object>
		<name>head</name>
		<pose>Unspecified</pose>
		<truncated>0</truncated>
		<difficult>0</difficult>
		<occluded>0</occluded>
		<bndbox>
			<xmin>121</xmin>
			<xmax>500</xmax>
			<ymin>1</ymin>
			<ymax>296</ymax>
		</bndbox>
	</object>
</annotation>
