<annotation>
	<folder></folder>
	<filename>hijab-1795_jpg.rf.59eb0b50afe74a659398c50c57c092c3.jpg</filename>
	<path>hijab-1795_jpg.rf.59eb0b50afe74a659398c50c57c092c3.jpg</path>
	<source>
		<database>roboflow.ai</database>
	</source>
	<size>
		<width>640</width>
		<height>640</height>
		<depth>3</depth>
	</size>
	<segmented>0</segmented>
	<object>
		<name>head</name>
		<pose>Unspecified</pose>
		<truncated>0</truncated>
		<difficult>0</difficult>
		<occluded>0</occluded>
		<bndbox>
			<xmin>1</xmin>
			<xmax>509</xmax>
			<ymin>1</ymin>
			<ymax>383</ymax>
		</bndbox>
	</object>
</annotation>
