<annotation>
	<folder></folder>
	<filename>hijab-2461_jpg.rf.8cb2877ca605893a53d990e7a41a3da7.jpg</filename>
	<path>hijab-2461_jpg.rf.8cb2877ca605893a53d990e7a41a3da7.jpg</path>
	<source>
		<database>roboflow.ai</database>
	</source>
	<size>
		<width>640</width>
		<height>640</height>
		<depth>3</depth>
	</size>
	<segmented>0</segmented>
	<object>
		<name>head</name>
		<pose>Unspecified</pose>
		<truncated>0</truncated>
		<difficult>0</difficult>
		<occluded>0</occluded>
		<bndbox>
			<xmin>121</xmin>
			<xmax>454</xmax>
			<ymin>18</ymin>
			<ymax>296</ymax>
		</bndbox>
	</object>
</annotation>
