<annotation>
	<folder></folder>
	<filename>hijab-0609_jpg.rf.75a7cef2dc36ea35c49b6a1695145d1f.jpg</filename>
	<path>hijab-0609_jpg.rf.75a7cef2dc36ea35c49b6a1695145d1f.jpg</path>
	<source>
		<database>roboflow.ai</database>
	</source>
	<size>
		<width>640</width>
		<height>640</height>
		<depth>3</depth>
	</size>
	<segmented>0</segmented>
	<object>
		<name>head</name>
		<pose>Unspecified</pose>
		<truncated>0</truncated>
		<difficult>0</difficult>
		<occluded>0</occluded>
		<bndbox>
			<xmin>155</xmin>
			<xmax>501</xmax>
			<ymin>33</ymin>
			<ymax>312</ymax>
		</bndbox>
	</object>
</annotation>
