<annotation>
	<folder></folder>
	<filename>hijab-0970_jpg.rf.c28a55259fbd1c73ab256ddc44cbcf7f.jpg</filename>
	<path>hijab-0970_jpg.rf.c28a55259fbd1c73ab256ddc44cbcf7f.jpg</path>
	<source>
		<database>roboflow.ai</database>
	</source>
	<size>
		<width>640</width>
		<height>640</height>
		<depth>3</depth>
	</size>
	<segmented>0</segmented>
	<object>
		<name>head</name>
		<pose>Unspecified</pose>
		<truncated>0</truncated>
		<difficult>0</difficult>
		<occluded>0</occluded>
		<bndbox>
			<xmin>127</xmin>
			<xmax>523</xmax>
			<ymin>31</ymin>
			<ymax>294</ymax>
		</bndbox>
	</object>
</annotation>
