<annotation>
	<folder></folder>
	<filename>hijab-0239_jpg.rf.f59403ccd045f0c74c846e32ff9b887d.jpg</filename>
	<path>hijab-0239_jpg.rf.f59403ccd045f0c74c846e32ff9b887d.jpg</path>
	<source>
		<database>roboflow.ai</database>
	</source>
	<size>
		<width>640</width>
		<height>640</height>
		<depth>3</depth>
	</size>
	<segmented>0</segmented>
	<object>
		<name>head</name>
		<pose>Unspecified</pose>
		<truncated>0</truncated>
		<difficult>0</difficult>
		<occluded>0</occluded>
		<bndbox>
			<xmin>101</xmin>
			<xmax>588</xmax>
			<ymin>6</ymin>
			<ymax>311</ymax>
		</bndbox>
	</object>
</annotation>
