filename,width,height,class,xmin,ymin,xmax,ymax
hijab-0008_jpg.rf.7c5c86a18816fbbb22bd17987b8abe9f.jpg,640,640,head,98,36,566,303
hijab-0011_jpg.rf.7b53b15d669bfb2e41518ee1e82475db.jpg,640,640,head,106,24,543,316
hijab-0053_jpg.rf.38a8bad663a30d21f7339078d03aff2f.jpg,640,640,head,52,30,482,294
hijab-0054_jpg.rf.4dbd6eea19932fc1013e71e7bab662f8.jpg,640,640,head,114,33,537,306
hijab-0060_jpg.rf.950b12ab64588b14deb627790714bc1a.jpg,640,640,head,203,23,557,311
hijab-0080_jpg.rf.804e5f4dc56e27d6b0ade0cb03ffedb7.jpg,640,640,head,149,5,545,290
hijab-0082_jpg.rf.26d0f746a189178588f704d30ed6a563.jpg,640,640,head,107,33,481,291
hijab-0085_jpg.rf.26b0143177145eca69f672412834b9db.jpg,640,640,head,148,21,523,305
hijab-0089_jpg.rf.75d1c7d65c0c369e7909a5039711b811.jpg,640,640,head,173,43,525,296
hijab-0094_jpg.rf.4a87bcf728be567df4d8922bc84f43bb.jpg,640,640,head,126,40,509,287
hijab-0118_jpg.rf.320779fb3e5f33d66c1d272829d5fa26.jpg,640,640,head,154,5,472,267
hijab-0119_jpg.rf.6448591bb091bc6753f664aa2f9229c4.jpg,640,640,head,146,24,505,294
hijab-0132_jpg.rf.683faffdbf46da62a1d1ec1dcf56529b.jpg,640,640,head,147,65,520,304
hijab-0135_jpg.rf.f4ebe14beff0093070d98f2c52f012f6.jpg,640,640,head,158,14,517,270
hijab-0144_jpg.rf.39d7ed69cbaa858d29de5689e4437bc0.jpg,640,640,head,101,5,478,282
hijab-0152_jpg.rf.018acca673a12885d35cfe851a0affe4.jpg,640,640,head,148,24,538,291
hijab-0154_jpg.rf.82e7cea27cfc3d29ee9c6b62b267a5c8.jpg,640,640,head,153,23,516,296
hijab-0184_jpg.rf.fd468969e0c26adb01a8e2eabfe40698.jpg,640,640,head,168,21,514,284
hijab-0193_jpg.rf.55fca331bed98ac70f28244264f9c318.jpg,640,640,head,130,17,505,303
hijab-0214_jpg.rf.163f675f12a14a82dc9310d5135a3b33.jpg,640,640,head,115,14,497,301
hijab-0239_jpg.rf.f59403ccd045f0c74c846e32ff9b887d.jpg,640,640,head,101,6,588,311
hijab-0247_jpg.rf.8f610527520c044e7340421395e13cb6.jpg,640,640,head,201,27,569,294
hijab-0248_jpg.rf.39ca374f871a6399e9c28b536643843d.jpg,640,640,head,147,14,539,289
hijab-0251_jpg.rf.a2899c2ce915296482e69bdf99e39fd7.jpg,640,640,head,163,11,493,259
hijab-0268_jpg.rf.d8c4a7e8f57817dcb6b66d314667c6d5.jpg,640,640,head,115,40,497,295
hijab-0275_jpg.rf.e9352e273167e3b285e473c524cc608e.jpg,640,640,head,125,23,509,295
hijab-0306_jpg.rf.fb307900e4e03816b8ec418c9388c96a.jpg,640,640,head,145,29,514,300
hijab-0308_jpg.rf.476e3c817ae9d308a08b91c9ed7e8d8c.jpg,640,640,head,119,17,446,279
hijab-0312_jpg.rf.95f46f3e8597bf976700783239c415e6.jpg,640,640,head,150,24,514,284
hijab-0320_jpg.rf.9010511a46126bff46c1490529bd59d3.jpg,640,640,head,176,7,475,260
hijab-0336_jpg.rf.804d368e6336220f3e854e65a086157f.jpg,640,640,head,129,6,513,278
hijab-0360_jpg.rf.72721e327f169856a06b2c5ded45948e.jpg,640,640,head,144,18,532,301
hijab-0363_jpg.rf.1c3e9fda19c680094b4ae70b1e770874.jpg,640,640,head,143,22,503,298
hijab-0378_jpg.rf.b14d79c4e2ed70819c3f76eab184d889.jpg,640,640,head,178,9,521,284
hijab-0405_jpg.rf.fe92ec562536c769d3516020b089c0d5.jpg,640,640,head,157,35,473,278
hijab-0411_jpg.rf.7302f4ab9f818d02cfe7e42431b46a94.jpg,640,640,head,175,27,534,308
hijab-0440_jpg.rf.dfc631eab8e954904f48947ccc2073fb.jpg,640,640,head,166,8,491,294
hijab-0491_jpg.rf.3598ab964c2bce5527612b2e07fc564e.jpg,640,640,head,138,24,501,294
hijab-0499_jpg.rf.c99d037f7043eb4662adaa8d5edb9646.jpg,640,640,head,192,24,577,303
hijab-0512_jpg.rf.abd2e34ba5d3c16f183cf149721b42cd.jpg,640,640,head,140,27,540,299
hijab-0517_jpg.rf.e88fdc9107dd2f78ee75c65bdb65a469.jpg,640,640,head,132,11,512,291
hijab-0539_jpg.rf.eb0150de61f273ffc804ba2a871e478a.jpg,640,640,head,163,50,495,291
hijab-0577_jpg.rf.2593fbaa2361164702d963709b538dc7.jpg,640,640,head,97,10,492,311
hijab-0586_jpg.rf.50c48d4bb9dcc16ea34536a79357bc50.jpg,640,640,head,162,19,490,298
hijab-0603_jpg.rf.dc2d618336f8addd38aa24ca067d59f0.jpg,640,640,head,120,18,506,276
hijab-0609_jpg.rf.75a7cef2dc36ea35c49b6a1695145d1f.jpg,640,640,head,155,33,501,312
hijab-0610_jpg.rf.ec5ca3c8c2fdfdc2b82103124ed9fada.jpg,640,640,head,148,5,641,308
hijab-0617_jpg.rf.1b96bc6b552c0aa4c53b8605c987b3a3.jpg,640,640,head,53,19,469,292
hijab-0641_jpg.rf.79fd1deeea273b10cc908c2611656079.jpg,640,640,head,157,30,516,288
hijab-0647_jpg.rf.6a9730f41c2a0dc78b98180a82964b1c.jpg,640,640,head,159,15,480,275
hijab-0666_jpg.rf.9a1778d1d66d4c1b360d08f3cb841bf9.jpg,640,640,head,149,7,565,303
hijab-0681_jpg.rf.1d4442655a21f23a247355fcec3b4109.jpg,640,640,head,120,38,509,318
hijab-0697_jpg.rf.126de89ebe326936a60d9f5bcba741de.jpg,640,640,head,166,40,510,288
hijab-0709_jpg.rf.bdc15246e6df3c88b5b2ea1b77b30e7f.jpg,640,640,head,153,19,540,297
hijab-0734_jpg.rf.10396b615e27d600b7f77051c4a0874d.jpg,640,640,head,189,2,563,277
hijab-0745_jpg.rf.d3c04ec9d20b448138c51f6158d3994f.jpg,640,640,head,150,35,488,299
hijab-0749_jpg.rf.4ae4c478452a20a10743c8a53ac11e0a.jpg,640,640,head,149,40,481,296
hijab-0750_jpg.rf.b372166087f1d5e69e5d395b2733fa12.jpg,640,640,head,95,21,472,322
hijab-0753_jpg.rf.6e812c01bdd6cada48330f16847adbe4.jpg,640,640,head,116,25,434,295
hijab-0763_jpg.rf.87a0344277524598a8ae876d689bb360.jpg,640,640,head,134,23,489,292
hijab-0776_jpg.rf.ab9f0fd0c67cf011ce697da9c0a76206.jpg,640,640,head,146,22,464,291
hijab-0781_jpg.rf.5ddb7177725c984dc449cfe3414deb86.jpg,640,640,head,105,17,517,308
hijab-0798_jpg.rf.bc8ae12f4711190161f1708e248df752.jpg,640,640,head,46,11,437,318
hijab-0811_jpg.rf.6db6d24f0bce3a10fa762d4784678a8d.jpg,640,640,head,184,7,591,313
hijab-0831_jpg.rf.44535cee75717aca7dbb595314829b9f.jpg,640,640,head,157,45,531,299
hijab-0842_jpg.rf.0c55e034fe1798c387378d4d6f0c9459.jpg,640,640,head,182,22,498,255
hijab-0845_jpg.rf.f2be55cbd768f191187343b405dacb89.jpg,640,640,head,180,23,544,291
hijab-0856_jpg.rf.9fb3377381b5655aa538dcf08f055833.jpg,640,640,head,119,27,480,295
hijab-0886_jpg.rf.7794aae3e7b8a0f3ad9ead9591dc9a76.jpg,640,640,head,146,33,499,276
hijab-0894_jpg.rf.2c193b6edd6d29553c60e17477d901f9.jpg,640,640,head,147,21,481,304
hijab-0904_jpg.rf.4e00ffe85affc34894f9a734b1558815.jpg,640,640,head,135,20,521,286
hijab-0914_jpg.rf.20234ac7246f2953b1796e60880906ce.jpg,640,640,head,165,40,487,294
hijab-0921_jpg.rf.633749766c1a428d13416a545b25f39f.jpg,640,640,head,90,22,514,322
hijab-0933_jpg.rf.a674839d8dbc0313bb54fa32b57bdaa3.jpg,640,640,head,176,26,513,286
hijab-0962_jpg.rf.982982868ad27c0c2cf52b4709ba70b1.jpg,640,640,head,134,24,476,279
hijab-0970_jpg.rf.c28a55259fbd1c73ab256ddc44cbcf7f.jpg,640,640,head,127,31,523,294
hijab-0978_jpg.rf.7ccf5131f916e593ee929972dd129f1c.jpg,640,640,head,126,28,518,312
hijab-0979_jpg.rf.29e395e4e8e04870c879fa920b5abc69.jpg,640,640,head,134,31,495,278
hijab-1005_jpg.rf.395674cc9711502ee83610e538837767.jpg,640,640,head,90,19,449,299
hijab-1007_jpg.rf.c201497fe2c63a95bcb9e304127747d1.jpg,640,640,head,79,57,427,304
hijab-1036_jpg.rf.d49d69c55e5a419990cfd499e9acea52.jpg,640,640,head,121,7,556,290
hijab-1048_jpg.rf.1951217a75281da2758031497ee32457.jpg,640,640,head,134,23,513,294
hijab-1052_jpg.rf.bcc07d8b76b63aade8fa09483d3f1bd6.jpg,640,640,head,144,29,534,287
hijab-1058_jpg.rf.dd7f4b6f0a3c876c101381b8af266989.jpg,640,640,head,143,28,478,300
hijab-1073_jpg.rf.29564e7795404a6023e40079887635eb.jpg,640,640,head,141,16,496,302
hijab-1077_jpg.rf.4c4286c988a649a432ed9fa2c7a9c15b.jpg,640,640,head,168,14,503,287
hijab-1088_jpg.rf.cddb7abc8661996b40fd850ed84147dc.jpg,640,640,head,162,13,500,287
hijab-1101_jpg.rf.e235bdb4790b6b50cf6ff856ecf8a56a.jpg,640,640,head,95,41,484,299
hijab-1114_jpg.rf.24565332937a2287d2ac27a4a7b6ecdb.jpg,640,640,head,154,32,454,263
hijab-1122_jpg.rf.ab9003eb850a2c1e577f5c17d865934a.jpg,640,640,head,124,26,478,274
hijab-1126_jpg.rf.c0c12ebfa707f01d9b9238650508f984.jpg,640,640,head,47,30,445,308
hijab-1130_jpg.rf.7a2f1d522f2458b92b5721660b3a08e1.jpg,640,640,head,114,11,484,304
hijab-1137_jpg.rf.6292c51b7f4e7bb0b49227f7f93d1775.jpg,640,640,head,153,3,512,277
hijab-1169_jpg.rf.5157698d5492b7daa147375bb944aa85.jpg,640,640,head,129,21,518,302
hijab-1173_jpg.rf.99ce56dd1e73f57ed3a2a140ba7dcc04.jpg,640,640,head,102,22,505,305
hijab-1175_jpg.rf.ffc3958b29e1c39cb6350db37231b55b.jpg,640,640,head,66,20,456,302
hijab-1182_jpg.rf.3fb79fbc0cbc7c1a150529ce6bc76d5b.jpg,640,640,head,96,16,521,295
hijab-1183_jpg.rf.6242f5c5413eb71a73c0c87daf1b23fe.jpg,640,640,head,121,27,517,266
hijab-1186_jpg.rf.8af7a7e9fe2dd00b2ac95dd5426f7719.jpg,640,640,head,110,24,578,297
hijab-1192_jpg.rf.6b5078cd1f92ac1055d9fac166f42f89.jpg,640,640,head,157,40,509,289
hijab-1200_jpg.rf.7b5ee8c7db87f8ab56457f1ca34c33fd.jpg,640,640,head,110,45,472,314
hijab-1203_jpg.rf.786cbc0f7edd1e0cca7aa477138a72bd.jpg,640,640,head,213,28,600,318
hijab-1212_jpg.rf.d2cdbc99f72a7c0d3a373be98266b62b.jpg,640,640,head,154,38,477,288
hijab-1216_jpg.rf.dc20c97d28ae7176eac9167420beea6a.jpg,640,640,head,160,25,515,298
hijab-1221_jpg.rf.93623634d66dd595783ddb36f0827bd4.jpg,640,640,head,141,25,487,289
hijab-1230_jpg.rf.8674b94a63607d114ba3c938314843b4.jpg,640,640,head,115,21,521,305
hijab-1232_jpg.rf.cb25d4c5c610b790254f4bfc886fe971.jpg,640,640,head,102,16,460,296
hijab-1234_jpg.rf.378333bf30ecb4dc9d4accd18564a8e7.jpg,640,640,head,168,28,504,286
hijab-1258_jpg.rf.524aec87f575fa13147b614505e53f9c.jpg,640,640,head,128,32,538,307
hijab-1260_jpg.rf.d9ef42844df33dde6502ef2c8cf06445.jpg,640,640,head,87,41,461,301
hijab-1292_jpg.rf.f3f44bfe8352f5e4cb6f404398853c9e.jpg,640,640,head,203,37,549,284
hijab-1346_jpg.rf.ce47e8e9ff711ff8e627d2d949d7b04b.jpg,640,640,head,153,10,515,299
hijab-1378_jpg.rf.5b7579920fae81553c7494bb9f979cae.jpg,640,640,head,224,27,591,315
hijab-1380_jpg.rf.00b35ae3d5ed3223992fe42a5899e7a9.jpg,640,640,head,193,6,641,319
hijab-1395_jpg.rf.8da9ca2af55fdb0133da0973d378a975.jpg,640,640,head,55,30,622,391
hijab-1404_jpg.rf.6887f8597169bf1c9bfb284e68683340.jpg,640,640,head,179,24,501,281
hijab-1415_jpg.rf.8022536c4d5e4dabfccdf8592bcf8fc5.jpg,640,640,head,215,5,615,260
hijab-1429_jpg.rf.09df21cbe444afab44d6dff436df1561.jpg,640,640,head,75,10,465,312
hijab-1436_jpg.rf.d23540fb07963eb67b54f917a5ebebfc.jpg,640,640,head,182,10,504,296
hijab-1488_jpg.rf.648c6c6b1df92a66a85ae56fc8fd1c0b.jpg,640,640,head,64,16,520,296
hijab-1496_jpg.rf.9c0069e59c9a3ac61f2fac57e5be13d6.jpg,640,640,head,168,31,536,278
hijab-1501_jpg.rf.024405e0301a6a7af71c8d73afa0d846.jpg,640,640,head,210,8,598,300
hijab-1509_jpg.rf.07d8e19632e21965f2718f8a10f156ff.jpg,640,640,head,128,8,544,288
hijab-1515_jpg.rf.784a442bda44b81fd1b30bb394970aa2.jpg,640,640,head,9,29,455,284
hijab-1520_jpg.rf.581d1b0c5699bf94e2b06bcfcf607b94.jpg,640,640,head,165,14,485,285
hijab-1529_jpg.rf.f4d5afb83f6545c1411ea4a91ee38cd5.jpg,640,640,head,139,10,489,291
hijab-1531_jpg.rf.3d9ae0d4e78efee2bb63c48d3d0c9e9d.jpg,640,640,head,212,23,633,296
hijab-1544_jpg.rf.e0397f140d9d3f29339914eddef4291f.jpg,640,640,head,166,11,596,292
hijab-1548_jpg.rf.43cb940f68f7f81d4d1132a6fac5e0af.jpg,640,640,head,128,5,640,301
hijab-1549_jpg.rf.b595d51da0520cf9b18e538fee287ac4.jpg,640,640,head,118,20,610,282
hijab-1561_jpg.rf.1951f4786ab75589b8404f0dddb46481.jpg,640,640,head,188,2,593,299
hijab-1572_jpg.rf.9a3e6bccb15a15e275a740bde64635ea.jpg,640,640,head,121,1,500,296
hijab-1589_jpg.rf.52f46a67e145ec92e777e88f2f0a1d91.jpg,640,640,head,223,21,618,291
hijab-1604_jpg.rf.0725f6954fae1ebf95cd556494fd2d42.jpg,640,640,head,187,27,619,295
hijab-1611_jpg.rf.7058a6d0e4bf24eb819d95e8e69c72dd.jpg,640,640,head,172,13,538,298
hijab-1630_jpg.rf.73d078665015a7f48f869fcc9195f9a1.jpg,640,640,head,167,7,525,294
hijab-1644_jpg.rf.507f61a6548a3d5c49b90881465c7db0.jpg,640,640,head,146,4,526,292
hijab-1649_jpg.rf.04de8d4be5fc9ec7afbeb578cc1213bc.jpg,640,640,head,170,23,481,270
hijab-1662_jpg.rf.5e6abf26e18b742b77cc4962bbe824e6.jpg,640,640,head,189,1,590,290
hijab-1670_jpg.rf.3faf921b21bbf7fa7d236d961809a2ab.jpg,640,640,head,195,1,628,292
hijab-1678_jpg.rf.89558d46d6af7ec669407a8499abc2b2.jpg,640,640,head,187,1,641,294
hijab-1686_jpg.rf.ab4391260f4dca9c4d9a1e71e2277a46.jpg,640,640,head,214,20,610,285
hijab-1703_jpg.rf.b69369d5609bc9e04a45d98124947369.jpg,640,640,head,195,5,610,279
hijab-1740_jpg.rf.3d116e40c53efa14417fb29d6d6b6ed0.jpg,640,640,head,194,7,617,300
hijab-1754_jpg.rf.c105b98582295780ac553036d411a4cd.jpg,640,640,head,207,24,616,279
hijab-1769_jpg.rf.a8aa04767cc72240efc6c94b66ee7c02.jpg,640,640,head,187,10,587,292
hijab-1787_jpg.rf.e38bad1da104930ec4c4427000f5ca3a.jpg,640,640,head,202,29,641,294
hijab-1795_jpg.rf.59eb0b50afe74a659398c50c57c092c3.jpg,640,640,head,1,1,509,383
hijab-1814_jpg.rf.62f428fdd44058926d1f5205a98df30f.jpg,640,640,head,175,1,641,304
hijab-1823_jpg.rf.99b91fa3c632a6ea65718804573d87ce.jpg,640,640,head,199,25,538,258
hijab-1842_jpg.rf.73a0034be3a8b99891cf5cc99a34f9e6.jpg,640,640,head,195,17,627,291
hijab-1846_jpg.rf.6499387229a3ed5187231cd5ec8bf01c.jpg,640,640,head,207,17,621,303
hijab-1864_jpg.rf.f9fcefcb18d55761949d67944442c391.jpg,640,640,head,172,31,585,287
hijab-1867_jpg.rf.8435e58c6f6b2a1e69b3871ba0cebd75.jpg,640,640,head,40,41,418,300
hijab-1869_jpg.rf.7b6dda4f965f54ebdbba35bd3960747a.jpg,640,640,head,158,3,634,302
hijab-1879_jpg.rf.9e9b861b1c542e2d4a576478b993a5fc.jpg,640,640,head,153,16,475,283
hijab-1883_jpg.rf.edd950d6b59f9ebef28aba44552bbcce.jpg,640,640,head,180,6,632,296
hijab-1888_jpg.rf.bd8a4a441d0ae7ecd82e2032206be3b1.jpg,640,640,head,163,11,590,291
hijab-1911_jpg.rf.e5b1e20b30ab264cd3f2d7d05b3f891a.jpg,640,640,head,233,23,641,301
hijab-1912_jpg.rf.d8e12f54232a5760633f095f90a35200.jpg,640,640,head,87,37,467,293
hijab-1915_jpg.rf.70c91f83ad06500ab4a097b79339d710.jpg,640,640,head,132,27,527,300
hijab-1931_jpg.rf.6b5ce23334ac5808161693f3f6bf4337.jpg,640,640,head,131,12,556,307
hijab-1932_jpg.rf.bad251f3b8abc8bcfd1b3914c09c5500.jpg,640,640,head,177,20,514,285
hijab-1943_jpg.rf.e31b6eca992af7539262ab393bff9b5d.jpg,640,640,head,187,40,641,324
hijab-1944_jpg.rf.ce332c47dbbdde03cfebdfb6c1e1f61b.jpg,640,640,head,190,14,622,288
hijab-1953_jpg.rf.8d64489dfc1ebf3da89254906f193d8a.jpg,640,640,head,147,49,564,293
hijab-1990_jpg.rf.c499fca6c64742a53aa468ffe44172c7.jpg,640,640,head,123,21,489,289
hijab-2003_jpg.rf.9cf99f3d5d934978abb6f7b8f95646d4.jpg,640,640,head,171,40,545,302
hijab-2020_jpg.rf.3568d2836acd23f633632d917b205a91.jpg,640,640,head,139,36,455,294
hijab-2026_jpg.rf.631624aae5a1b9a5f8af34e7b47f2c54.jpg,640,640,head,1,10,426,318
hijab-2037_jpg.rf.98d114722e257a32bff78e0ad4b17b34.jpg,640,640,head,127,29,524,316
hijab-2043_jpg.rf.fdaecb866cbccea685b3afccc2fe1c97.jpg,640,640,head,170,37,562,306
hijab-2052_jpg.rf.6bb5bd5d276071f9152421acdfba4f4b.jpg,640,640,head,126,21,487,294
hijab-2068_jpg.rf.da716e9afb2639330cba4ee86c0c59be.jpg,640,640,head,168,8,496,287
hijab-2082_jpg.rf.a43a3d7955a0188714cbdc89c55ee6d6.jpg,640,640,head,228,31,641,296
hijab-2106_jpg.rf.e20662f2e97d085c71618d31c2b48acd.jpg,640,640,head,145,17,469,271
hijab-2119_jpg.rf.e49d0ca34a86878fe8b0c8588caff379.jpg,640,640,head,83,7,476,287
hijab-2137_jpg.rf.ab239c1468680b88d33a1f320311e5ef.jpg,640,640,head,141,16,476,332
hijab-2142_jpg.rf.b90c9fde171a46f7c30e46339f5b26f0.jpg,640,640,head,180,19,580,304
hijab-2156_jpg.rf.9e228049a398c5cd08371a4be1047ed8.jpg,640,640,head,156,31,457,278
hijab-2174_jpg.rf.078aa9069b60fc19bf15315dba67de4c.jpg,640,640,head,144,4,492,294
hijab-2182_jpg.rf.126bc9ef912738f337e625d0d07e237e.jpg,640,640,head,187,29,459,279
hijab-2201_jpg.rf.60ced82f85ebe1f4209c0ba0071d2c49.jpg,640,640,head,101,1,508,298
hijab-2231_jpg.rf.d3645d9fb784ce2560384d4557912f5a.jpg,640,640,head,115,38,433,295
hijab-2234_jpg.rf.8298a09056873dd93bf65bcfe9b930a1.jpg,640,640,head,184,1,613,287
hijab-2242_jpg.rf.10f71f1650bf23bb314ba6855395c3c1.jpg,640,640,head,85,27,479,305
hijab-2261_jpg.rf.a728a7cf512107ef1380064a8dfa5b49.jpg,640,640,head,166,32,480,284
hijab-2279_jpg.rf.169c7e0439b6c4091bbb4be0768a6954.jpg,640,640,head,140,21,495,299
hijab-2306_jpg.rf.482c9e59b77f79e049e5f5651de36758.jpg,640,640,head,8,13,428,361
hijab-2328_jpg.rf.ad9d4e09f7c817498652f86cf50f7494.jpg,640,640,head,132,43,504,311
hijab-2332_jpg.rf.ab8c0f54d7a5e166483ea855b739c92d.jpg,640,640,head,62,20,437,304
hijab-2338_jpg.rf.0af774e6533bef7b5d06875f93c2f911.jpg,640,640,head,189,10,566,307
hijab-2352_jpg.rf.70bf6f6b1b97a0e1fef390361dd862c9.jpg,640,640,head,142,14,513,306
hijab-2379_jpg.rf.2b6dba5e7668dd6f9275f98ccbe6b96b.jpg,640,640,head,168,26,481,286
hijab-2393_jpg.rf.2f6001352b286a0eb3f43cc921d9fd7d.jpg,640,640,head,142,20,480,294
hijab-2418_jpg.rf.5c2b04339d8b428e3e8def007fa40761.jpg,640,640,head,182,18,636,309
hijab-2427_jpg.rf.0b8aca7fc4731ef628c87f79f6743701.jpg,640,640,head,148,18,479,266
hijab-2444_jpg.rf.b828ba580878eb414f039f0bbd799823.jpg,640,640,head,175,42,467,265
hijab-2456_jpg.rf.77cffef21b97e4c8105a297532d0be21.jpg,640,640,head,192,18,551,308
hijab-2462_jpg.rf.b1209c7853bc7c31e6e8ff3dcc27afdf.jpg,640,640,head,192,30,541,297
hijab-2498_jpg.rf.169ce87ce7a1b2ee5fc655ff9be1aee5.jpg,640,640,head,154,34,469,286
hijab-2501_jpg.rf.4814bb614746d715b79e1c999a1a5429.jpg,640,640,head,184,14,492,293
hijab-2505_jpg.rf.1e394378481265545594d72576d79b70.jpg,640,640,head,195,26,517,302
hijab-2506_jpg.rf.60187f32f7518246517e8498b215a132.jpg,640,640,head,135,18,497,304
hijab-2510_jpg.rf.d87272c2dfb6da43cb4cc361944e3eb4.jpg,640,640,head,173,14,579,295
hijab-2533_jpg.rf.7777996a72be9aab234ae5c52c1d459b.jpg,640,640,head,168,23,508,290
hijab-2552_jpg.rf.8a21e328b7bf2329070a0cca3ab123e8.jpg,640,640,head,146,8,486,265
hijab-2556_jpg.rf.1fb7b7f35df68d523447230448f248ed.jpg,640,640,head,89,27,531,304
hijab-2558_jpg.rf.f83388bd1ba328a8dcc4cd43253ba1a5.jpg,640,640,head,192,39,578,297
hijab-2571_jpg.rf.596d6263cddbbf9f3372596d7e179eab.jpg,640,640,head,121,8,492,291
hijab-2576_jpg.rf.027635ad9948844187dfd759d65fd0e6.jpg,640,640,head,175,19,514,305
hijab-2578_jpg.rf.bf1e05daaa84d633c45659f7fad1249e.jpg,640,640,head,120,4,487,308
hijab-2595_jpg.rf.cd941227c1cbc45aea602d20f2464ebd.jpg,640,640,head,143,19,504,304
hijab-2603_jpg.rf.e48c6b8f05563c744a0857d9e8c95232.jpg,640,640,head,158,11,513,323
hijab-2605_jpg.rf.cbd89343a7982fa3e19a0545b38b786e.jpg,640,640,head,154,1,506,289
hijab-2616_jpg.rf.9419bffd3055130d931f13f4e82e2160.jpg,640,640,head,71,39,455,299
hijab-2649_jpg.rf.0da9734a9a384301f7961c966bb7c4a3.jpg,640,640,head,117,41,491,306
hijab-2652_jpg.rf.c83faaf018f5be70b4428afdb4024a87.jpg,640,640,head,157,46,524,312
hijab-2657_jpg.rf.e8b80db48e872a2ba1fa712c10e4ddf4.jpg,640,640,head,72,8,419,323
hijab-2667_jpg.rf.34da69c9bab68174dec0a51c671e2df0.jpg,640,640,head,123,44,470,296
hijab-2669_jpg.rf.457eefd65d83ccfcf7e2447c23439015.jpg,640,640,head,124,30,446,294
hijab-2670_jpg.rf.da9b6cf28862e54b006b58e219331778.jpg,640,640,head,144,23,495,295
hijab-2682_jpg.rf.ddd64393b296aec2491cbd14d37ec78c.jpg,640,640,head,137,34,474,291
hijab-2699_jpg.rf.bcbdc9df07bc781c9df83cf3f9c54ef9.jpg,640,640,head,149,36,484,301
hijab-2700_jpg.rf.6a316a1f375cdd5b2e2757c1daa63220.jpg,640,640,head,125,26,451,294
hijab-2703_jpg.rf.811a107b460f0376b6221ee613f84bea.jpg,640,640,head,156,23,486,299
hijab-2718_jpg.rf.35b55fe11754698dcd93a87f4832ed19.jpg,640,640,head,101,23,444,299
hijab-2737_jpg.rf.f9a96d53a44f1d3cad5803eca5b95eb6.jpg,640,640,head,154,20,489,295
hijab-2760_jpg.rf.0d4c98534edcd1b748b29959c38345e4.jpg,640,640,head,183,42,469,287
hijab-2773_jpg.rf.987a48262747acbec455b99318e5f760.jpg,640,640,head,153,48,514,292
hijab-2777_jpg.rf.a25c4b8a60d7e1f1eecbe8db9afe9301.jpg,640,640,head,167,30,479,298
hijab-2779_jpg.rf.631342d40ff0441266c3bbf9f2bbb299.jpg,640,640,head,167,36,466,314
hijab-2787_jpg.rf.e9e2d7338a25e9737ad423bc2bacc27b.jpg,640,640,head,11,21,441,309
hijab-2789_jpg.rf.ae17da2d9761bb45f82b0b79746917c4.jpg,640,640,head,101,31,456,302
hijab-2806_jpg.rf.a6c393c52a0796ad46286c9d1d09fe39.jpg,640,640,head,194,4,573,274
hijab-2844_jpg.rf.b029d59423426892a1094dbfe8161143.jpg,640,640,head,171,9,534,299
hijab-2868_jpg.rf.47dca1468a1ea579e3d4661be40a517e.jpg,640,640,head,123,13,459,284
hijab-2869_jpg.rf.ddedc814a92b4fc8384476a56ae290c9.jpg,640,640,head,189,18,440,265
hijab-2965_jpg.rf.d0de610089db3e8d797d04b35ed7cb47.jpg,640,640,head,215,36,511,293
hijab-2968_jpg.rf.2c86aa90be4e3f7ecd2b43579f1039a1.jpg,640,640,head,129,13,460,288
hijab-2969_jpg.rf.5ced111a376e1106613b243e8cb4132a.jpg,640,640,head,157,17,512,298
hijab-3002_jpg.rf.6bcdaa52853dc995622f447e433e2c03.jpg,640,640,head,107,1,470,294
hijab-3058_jpg.rf.9b04c9da27969aca68c94cf36f7b3698.jpg,640,640,head,194,52,548,306
hijab-3065_jpg.rf.cf222ade8d18f2ea886c9efffd56dd74.jpg,640,640,head,184,45,540,312
hijab-3072_jpg.rf.f2e129bf770538c3d56140e6336de3de.jpg,640,640,head,128,23,494,313
hijab-3073_jpg.rf.c105d6085f26d967f461073a5c1ee072.jpg,640,640,head,129,18,509,299
hijab-3081_jpg.rf.b31441407ffe4285bb0fb2e1a7395404.jpg,640,640,head,170,19,533,304
hijab-3088_jpg.rf.bf1e3fc3189eaa7bca5aae5528fa8a80.jpg,640,640,head,188,32,545,327
hijab-3096_jpg.rf.9b3fd28654f5d6817042fb68257cd9df.jpg,640,640,head,129,27,490,316
hijab-3102_jpg.rf.0a5d90a7bc48559d43cfe548136d344f.jpg,640,640,head,124,33,494,308
hijab-0018_jpg.rf.de15d6f4ddbd13d6d7ac90ad165febe8.jpg,640,640,head,161,19,552,292
hijab-0095_jpg.rf.50a2829c3a4d70ee87b328b8d1beeb9c.jpg,640,640,head,182,6,499,252
hijab-0100_jpg.rf.570796877a1bad0c0c7421eb8fac4382.jpg,640,640,head,143,35,518,294
hijab-0120_jpg.rf.7249a5155139bded86984dce9da97505.jpg,640,640,head,164,17,568,276
hijab-0133_jpg.rf.d405a152cd0985e4aa0b9f98ceb73695.jpg,640,640,head,155,30,499,294
hijab-0173_jpg.rf.428bf45dcbf82387cbb33eed449487d6.jpg,640,640,head,182,14,532,270
hijab-0264_jpg.rf.705b76842ccf66a6f962a9dcacd1dd8c.jpg,640,640,head,1,1,444,272
hijab-0324_jpg.rf.3c36d22b6519e7d36637e09adc655f2b.jpg,640,640,head,121,19,513,296
hijab-0361_jpg.rf.e57477322382393f5af62df6d201dfe8.jpg,640,640,head,129,26,504,301
hijab-0396_jpg.rf.f5261a445232b750e36509472b026cf7.jpg,640,640,head,157,31,484,284
hijab-0453_jpg.rf.31952cd4b1651a63fc20ceb44e81e669.jpg,640,640,head,152,15,492,270
hijab-0550_jpg.rf.82162c04355939b20743745002a4e995.jpg,640,640,head,110,23,519,295
hijab-0737_jpg.rf.5a39c6c4503e4e0dffa8d1bdfc97ab4d.jpg,640,640,head,187,3,636,310
hijab-0762_jpg.rf.4b88ed3d605e94d627d96d596f36b901.jpg,640,640,head,158,40,502,305
hijab-0768_jpg.rf.d808773512fa5ddaa4288a64ba577a66.jpg,640,640,head,61,23,440,324
hijab-0805_jpg.rf.4805d59a7410f89f3fd7486341f900f9.jpg,640,640,head,167,24,485,281
hijab-0916_jpg.rf.227fcbe5ab3d92ddaca0f3fe797e2ada.jpg,640,640,head,129,22,446,287
hijab-0930_jpg.rf.d53c6271e2d88be481a80df8b3d2ecb9.jpg,640,640,head,94,15,492,313
hijab-1019_jpg.rf.67e1d5ff881740707289ab795a730c2b.jpg,640,640,head,98,21,452,281
hijab-1080_jpg.rf.5e195372942ab569185fb1b067ea790c.jpg,640,640,head,174,23,513,309
hijab-1283_jpg.rf.b1ba3a866945f4ade1ebebdd1067796a.jpg,640,640,head,140,13,507,301
hijab-1310_jpg.rf.608577ebb45395c986c73d9b58dc48c7.jpg,640,640,head,191,17,513,295
hijab-1484_jpg.rf.3ed63c6f5a0eef1f32d2a868c5536232.jpg,640,640,head,191,15,615,284
hijab-1495_jpg.rf.05a210cbec15930f589e95c820852f85.jpg,640,640,head,1,23,228,234
hijab-1495_jpg.rf.05a210cbec15930f589e95c820852f85.jpg,640,640,head,213,39,641,331
hijab-1682_jpg.rf.627d2a0d444664f71b6017ea58cec0aa.jpg,640,640,head,180,17,505,267
hijab-1717_jpg.rf.0e2344f52f4de275222aaeefe02e59a7.jpg,640,640,head,125,20,628,292
hijab-1724_jpg.rf.147283da23b652bfd04dc7d2fd42331f.jpg,640,640,head,177,20,597,291
hijab-1766_jpg.rf.a30efe2d74030555430b951c871b7844.jpg,640,640,head,106,26,448,284
hijab-1803_jpg.rf.fef8fb9f0914c6c1484b2b23bac9651b.jpg,640,640,head,203,23,641,273
hijab-1818_jpg.rf.fcbeb25fb0e65d9334ff1589d97d1f3a.jpg,640,640,head,185,16,641,286
hijab-1826_jpg.rf.0f55014c5cfa120afb482bcf9d3a5980.jpg,640,640,head,201,18,630,293
hijab-1871_jpg.rf.f4ca7527661ad54ef1bf7b8bc47ad0b7.jpg,640,640,head,172,17,589,285
hijab-1901_jpg.rf.b7889ef3cc04f20a865e7945597e6df7.jpg,640,640,head,160,23,498,288
hijab-1989_jpg.rf.23bc96ac2ecf253cd48aa789cd1ebb42.jpg,640,640,head,173,25,463,283
hijab-2074_jpg.rf.df016868bb97a657147aab08bcf48f59.jpg,640,640,head,167,11,496,290
hijab-2228_jpg.rf.134acd574d3e3cdd3c3141671da93e31.jpg,640,640,head,103,25,475,286
hijab-2232_jpg.rf.2365d404f405cdc42b360a8af12f7632.jpg,640,640,head,170,33,493,284
hijab-2309_jpg.rf.06340b8fc81180e828691491bca89741.jpg,640,640,head,35,34,414,299
hijab-2461_jpg.rf.8cb2877ca605893a53d990e7a41a3da7.jpg,640,640,head,121,18,454,296
hijab-2565_jpg.rf.b3166f9bcf8a7c687cec7eeb2e062cd3.jpg,640,640,head,143,29,580,281
hijab-2574_jpg.rf.06b4227bf9b736edcd370766ab33d16d.jpg,640,640,head,131,17,495,294
hijab-2580_jpg.rf.b39f4af9aff7030bd7ff93d5132dafeb.jpg,640,640,head,114,11,507,304
hijab-2632_jpg.rf.4de8593aaf33de81e2cf6bb0e39e215c.jpg,640,640,head,97,26,481,299
hijab-2810_jpg.rf.448a0c24d5c3329708a80edf83f711a0.jpg,640,640,head,187,14,479,286
hijab-2853_jpg.rf.4634e11e99ad2100dd0ae6f568d703c0.jpg,640,640,head,117,28,485,293
hijab-2961_jpg.rf.956f6aa8b0264a8d86b61847155bddb5.jpg,640,640,head,176,30,505,292
hijab-2976_jpg.rf.c58d93b8faa6eeac190b7cd997d3e75e.jpg,640,640,head,150,21,497,315
hijab-2978_jpg.rf.c4b03ee2f42dc6e7ead1132df353cd86.jpg,640,640,head,103,46,453,300
hijab-2990_jpg.rf.6376c58fee59a13c71f1856631c71b79.jpg,640,640,head,150,44,534,323
hijab-3037_jpg.rf.8f5f08265fa502969c8b611d6b88c6d2.jpg,640,640,head,161,19,583,323
hijab-3107_jpg.rf.e321d2150c86cf74483da9db7ffa472a.jpg,640,640,head,141,32,494,289
hijab-3114_jpg.rf.b2ec4f27d634bda0eccab1b6f35a94e0.jpg,640,640,head,119,29,501,303
